search_keyword,jobName,custName,coIndustryDesc,jobRole,salaryLow,salaryHigh,salaryType,jobAddrNoDesc,jobAddress,remoteWorkType,optionEdu,periodDesc,major,applyCnt,appearDate,description,jobLink
行銷,KOL 網紅行銷專員 Influencer Marketing Specialist,東朱數位行銷有限公司,其他零售業,未知,0035000,0045000,月薪,台北市中正區,仁愛路二段2號2樓,部分遠端,高中,經歷不拘,,00012,2026-01-10,"【 關於我們 】
＜DDM 東朱數位行銷＞是一家專注於 群眾募資與品牌電商 的新創顧問公司，
累積操作的募資與電商專案總銷售已突破 5 億元。
我們同時自營選物品牌《SANGU 三谷家電》，
與合作廠商攜手從產品開發、專案規劃到行銷實操，全程一手包辦。

在 DDM，我們相信好的內容能放大產品的價值。
KOL 團隊是行銷鏈中的關鍵節點——負責讓品牌策略、創意內容與創作者合作無縫接軌，我們不只追求聲量，更在意如何讓內容真正帶來影響力。

如果你想加入一個 能讓創意與執行並行的新創行銷團隊，這裡，會是最適合你發揮的舞台。

------------------------------

【 我們正在尋找 】
我們正在尋找一位對社群行銷趨勢敏銳、擅長溝通協作的 KOL 行銷專員。

在 DDM，我們專注於募資與電商的整合行銷，致力於打造真正「有感」的內容。
作為 KOL 合作專員，你將成為品牌與創作者之間的關鍵橋梁——從篩選名單、接洽報價，到合約簽訂、內容確認、上刊追蹤，每一步都由你主導。

這份工作不需要你寫企劃，但你會深度參與每一次精彩的合作。我們重視你的邏輯力、觀察力與溝通力，因為真正能推動專案成功的，是一位懂人、懂內容、也懂節奏的你。

------------------------------

【 工作內容 】
■ 尋找、聯繫、維護 KOL/KOC 合作對象，建立專屬創作者名單
■ 洽談報價、簽約、對稿，讓合作高效落地
■ 執行網紅業配專案，追蹤進度與成效
■ 協助審稿與內容確認，確保貼文、影片等素材符合品牌形象
■ 持續觀察社群趨勢，提出具操作性的合作建議
■ 協助處理專案行政與追進度，讓團隊能安心往前推

------------------------------

【 我們希望你 】
■ 具 1 年以上社群行銷、KOL 合作或專案執行經驗（電商、內容產業尤佳）
■ 擅長溝通協調，能同時應對多案並行與緊湊時程
■ 熟悉 Facebook、Instagram、TikTok 等社群平台內容生態
■ 具備良好的文字與口語表達能力，能與創作者建立信任關係
■ 細心負責，能清楚紀錄與管理合作細節、素材時程
■ 對內容趨勢敏銳，能快速辨識優質創作者與潛力內容

------------------------------

【 如果你具備以下，更是加分！ 】
■ 有與電商品牌、募資專案合作經驗
■ 熟悉 KOL 後台報表或成效分析
■ 具影片腳本、內容提案或社群文案經驗
■ 熟悉 Notion、Slack、Google Sheets 等協作工具

我們相信，「真誠的溝通，才是讓內容被看見的起點。」

在 DDM，每一場合作都不只是曝光，而是一場讓品牌、創作者與觀眾產生連結的對話。

如果你樂於溝通、擅長協調細節，想在高速成長的新創團隊中，看見內容如何變成影響力—— 那就加入 DDM，讓更多好產品被看見。",https://www.104.com.tw/job/8e2rf
行銷,醫藥行銷-專案人員(Account Executive)P,亞典醫藥/醫療行銷公關_亞典行銷顧問有限公司,廣告行銷公關業,未知,0037000,0047000,月薪,台北市南港區,三重路19-2號6F-3(南軟一期D棟),部分遠端,專科,1年以上,"大眾傳播學科類,市場行銷相關,醫藥衛生學科類",00002,2026-01-12,"此職位負責規劃與執行醫藥相關行銷專案，從企劃、活動執行到成效分析。

核心職責：
(1) 專案企劃：依據不同專案需求規劃公關企劃案
(2) 專案執行：公關企劃案的執行，如採訪撰稿、活動執行等
(3) 專案時程與預算管理：控管專案預算與時程，廠商聯繫與協調
(4) 專案成效追蹤與報告：蒐集與分析專案執行成效並提出優化建議

日常工作：
(1) 主管交辦任務
(2) 定期專案進度彙報

｛亞典金句｝希望與理念永遠存在，只是看你信與不信。-電影《刺激1995》

進一步認識亞典，歡迎至我們的網站 
醫療/醫藥行銷顧問第一品牌 www.edenfront.com.tw",https://www.104.com.tw/job/8wgcp
行銷,行銷企劃實習生 (畢業後經考核可轉正),上策行銷有限公司,廣告行銷公關業,未知,0000196,0000220,時薪,台北市中山區,民生東路二段174號6樓,部分遠端,專科,經歷不拘,"企業管理相關,市場行銷相關,國際貿易相關",00004,2026-01-05,"【Bespo實習生培訓系統】
第一步、到職註冊

第二步、口碑[[[行銷]]]基礎概念培訓

第三步、初試考核 (到職滿一個月)
考核六項口碑[[[行銷]]]基礎能力
通過與否將決定實習生之去留
通過者將進入第二階段完整寫文訓練

第四步、二試考核(到職滿三個月)
寫文",https://www.104.com.tw/job/7q6fx
行銷,【專案統籌經理PM】 Project Manager 行銷專案維運,熱點行銷股份有限公司,廣告行銷公關業,未知,0045000,0060000,月薪,台北市大安區,和平東路一段6號11樓,完全遠端,大學,1年以上,"市場行銷相關,一般商業學類,企業管理相關",00005,2025-08-08,"【工作內容】

作為熱點[[[行銷]]] HotSpot 的【專案統籌經理】，您將在數位整合[[[行銷]]]團隊中扮演關鍵角色，負責統籌管理客戶的數位[[[行銷]]]專案。您的主要職責將涵蓋以下範疇：

1. 專案策劃：根據客戶需求和市場趨勢，為客戶策劃整合性的數位[[[行銷]]]專案，以達到",https://www.104.com.tw/job/7ygi6
行銷,行銷企劃,阿法文創行銷有限公司,藝文服務業,未知,0005000,0008000,面議,台中市北屯區,軍功路一段279號,完全遠端,學歷不拘,經歷不拘,,00006,2026-01-04,"1. 負責[[[行銷]]]企劃案的撰寫、規劃，籌備、執行公司對外的[[[行銷]]]活動與媒體活動（如：展覽、促銷活動），並對其效益進行分析與建議。
2. 進行產業競爭分析及市場調查分析。
3. 建立、分析現有顧客與潛在顧客資料，並發展客戶維繫方案。
4. 建立、推廣、經",https://www.104.com.tw/job/8kw26
行銷,行銷專員│運動產業,粉紅行銷股份有限公司,網際網路相關業,未知,0000000,0000000,面議,台北市大安區,仁愛路三段25號10樓,部分遠端,專科,1年以上,,00003,2025-12-14,"工作內容：
讓每場賽事變得更吸引人，歡迎對專案企劃或運動產業[[[行銷]]]有興趣夥伴應徵！
◆加入我們
如果你熱愛籃球體育、擅長故事[[[行銷]]]與活動策劃，
想在品牌與球場之間打造最有感的運動[[[行銷]]]內容，
歡迎加入我們的團隊，成為推動籃球文化的新力量！ 

◆品牌",https://www.104.com.tw/job/8ut8n
行銷,智掃通股份有限公司 - 行銷企劃,聯雲科技股份有限公司,網際網路相關業,未知,0045000,9999999,月薪,台北市松山區,東興路26號12樓,部分遠端,大學,經歷不拘,"企業管理相關,市場行銷相關,大眾傳播學相關",00004,2026-01-05,"一、 為什麼這個職位很重要？
作為一個橫跨[[[行銷]]]、業務支援與產品設計的角色，在產品測試與市場驗證階段，你的任務是協助商家理解平台產品邏輯，讓他們看得懂、做得到，並將第一線的市場行為轉化為可供團隊決策參考的回饋。

二、你的核心任務（客戶洞察）

1",https://www.104.com.tw/job/8x6pi
行銷,行銷服務部-專案副理,正平整合行銷股份有限公司,工商顧問服務業,未知,0000000,0000000,面議,台北市中正區,仁愛路2段70號4樓,部分遠端,大學,4年以上,"大眾傳播學相關,市場行銷相關,其他商業及管理相關",00004,2026-01-09,"1. 為客戶[[[行銷]]]專案提供規劃/建議，負責客戶品牌各式[[[行銷]]]活動。
2. 將[[[行銷]]]與創意結合進行發想、規劃。
3. 帶領組員共同推動專案成果。
4. 與品牌端或廠商討論合作方案，找出最佳解決方案。
5. 協助專案控管與資料搜集，能與內部協作單位及外部客",https://www.104.com.tw/job/8dvg0
行銷,口碑行銷企劃,丞相帶風象行銷有限公司,廣告行銷公關業,未知,0035000,0045000,月薪,台北市中山區,建國北路3段94號4樓,完全遠端,大學,經歷不拘,,00004,2025-10-16,"【工作內容】
1. 文案發想：撰寫能夠在論壇上引發討論和聲量的文章。
2. 輿情分析：為客戶提供最佳的口碑[[[行銷]]]建議。
3 專案管理：規劃工作排程、監測話題熱度、控制風險及維持輿論平衡。
4. 報告製作：整合資料並分析成效，製作結案報告。

【我們",https://www.104.com.tw/job/8f8ct
行銷,行銷企劃,競禾實業股份有限公司,綜合商品批發代理業,未知,0000000,0000000,面議,台北市松山區,南京東路四段133巷9弄33號1樓,部分遠端,專科,2年以上,,00002,2025-12-26,"**協助品牌打造可變現的數位IP
**核心目標是讓專業變成流量，內容轉化爲成交

【工作內容】
1. 規劃線上課程產品（包含定位、內容架構、[[[行銷]]]企劃、轉化旅程）
2. 與講師（營養師、心理諮商師、醫師等）合作，產出課程內容腳本與教材企劃
3. 操",https://www.104.com.tw/job/89nke
行銷,【電商品牌】可年後到職│行銷人員、行銷企劃 │內有透明薪資及發展結構,翻轉吧整合行銷有限公司,廣告行銷公關業,未知,0035000,0045000,月薪,新北市三重區,重陽路三段192-3號8樓（辦公大樓）,部分遠端,學歷不拘,2年以上,,00006,2026-01-06,"★來訊投遞，請您主動提供★
1.我想求職這個工作的【原因】
2.簡述我過去有關此職務【經驗與成果】或無經驗具有強烈成為[[[行銷]]]的目標因素
3.我近期或長期追蹤的3個【KOL或品牌】名單

＋＋＋＋＋＋＋＋＋＋＋＋＋＋＋＋＋＋＋＋
※透明薪資及發展結構",https://www.104.com.tw/job/8n72i
行銷,行銷/行銷企劃/品牌行銷,三川企業管理顧問有限公司,工商顧問服務業,未知,0000000,0000000,面議,台北市中山區,南京東路二段100號7F-1,部分遠端,專科,3年以上,"市場行銷相關,數理統計相關,大眾傳播學相關",00006,2026-01-09,"公司目前擴大AI相關業務，希望對AI服務有興趣的[[[行銷]]]好手加入我們，如果您具備以下的能力與經驗，別猶豫快來和我們聊聊！
【工作內容】
1. 品牌[[[行銷]]]策略：協助制定品牌及市場[[[行銷]]]與廣告策略。
2. 廣告活動執行：根據公司目標和市場需求，制定廣告",https://www.104.com.tw/job/8nwvl
行銷,資深社群行銷專員／社群企劃（醫師個人品牌專案）,尊翌國際生醫整合行銷股份有限公司,廣告行銷公關業,未知,0040000,9999999,月薪,新北市新莊區,中港路307號3樓,部分遠端,專科,1年以上,,00005,2026-01-08,"程與影音團隊配合執行

【我們希望你具備】

• 2 年以上社群經營或[[[行銷]]]相關工作經驗

• 具備與客戶（醫師）溝通、引導需求的能力

• 能將抽象想法整理成清楚、有結構的簡報內容

• 熟悉社群平台操作與排程（Facebook /",https://www.104.com.tw/job/8rh1u
行銷,行銷企劃執行 (文案/策略類) Account Executive,上策行銷有限公司,廣告行銷公關業,未知,0035000,0070000,月薪,台北市中山區,民生東路二段174號6樓,部分遠端,大學,經歷不拘,"企業管理相關,市場行銷相關,大眾傳播學相關",00012,2026-01-09,"口碑[[[行銷]]]在[[[行銷]]]中以「策略」為主，「創意」為輔，在兩者交織之下，為客戶創造出驚人的[[[行銷]]]成效。

執案過程中，「細心」是最關鍵的人格特質，本職位會考驗大量的專案管理與交叉整合技巧，因為在操盤整體客戶品牌名聲與輿論時，不容許有任何失誤。

我們致力於維",https://www.104.com.tw/job/7kbs0
行銷,全球網紅行銷資深專員,普羅森科技股份有限公司,事務機器製造業,未知,0045000,0055000,月薪,新竹市,香山區牛埔路287號3樓,部分遠端,學歷不拘,1年以上,,00003,2026-01-05,"【主要職責｜Key Responsibilities】
1. 台灣及海外 KOL / Influencer [[[行銷]]]（約 70%）
• 規劃並執行 KOL 專案：選擇 KOL、洽談合作條件、撰寫 Brief。
• 管控專案時程（腳本 → 審稿 → 上",https://www.104.com.tw/job/8vg25
行銷,HE-數位行銷工讀生,宏恩醫院,醫院,未知,0000196,0000200,時薪,台中市南區,南平路33號,部分遠端,高中,經歷不拘,,00005,2026-01-08,"1.撰寫貼文、具備撰寫文案、說故事、採訪的能力 
2.Instagram、Facebook、threads經營，文案發想與推廣。
3.具備社群話題創造能力、提升醫療體系品牌正面形象及內容曝光度等[[[行銷]]]操作。
4.具拍攝影片、編輯圖文能力
5.其他主",https://www.104.com.tw/job/8t4us
行銷,行銷專員,蕎荳國際有限公司,綜合商品批發代理業,未知,0030000,0035000,月薪,高雄市三民區,高雄市三民區博愛一路287號7樓,部分遠端,專科,經歷不拘,,00003,2026-01-09,"工作內容
1. 百貨門市通路合作洽談等事宜
2. 電商平台商品上架，活動洽談規劃，商品訂單管理與客戶LINE諮詢服務。
3. 網站規劃、社群管理、文案撰寫。
4. KOL 合作洽談、[[[行銷]]]專案執行
5. 交辦事項。

經驗要求：
1.正面積極熱誠，",https://www.104.com.tw/job/7zi0m
行銷,璞悅美學 - 品牌行銷專員 Brand Marketing Specialist,波克萊生醫股份有限公司,其他醫療保健服務業,未知,0000000,0000000,面議,台北市中正區,忠孝東路二段88號13樓,部分遠端,大學,2年以上,"市場行銷相關,大眾傳播學相關",00006,2026-01-05,"工作內容】
各項療程的[[[行銷]]]策略規劃（定位、溝通主軸、內容方向）
醫師專業形象與內容輸出規劃
影音企劃與腳本發想（短影音 / 品牌內容） 
社群平台內容規劃與經營（FB / IG / YouTube / Threads）
品牌溝通、視覺與內容一致性管",https://www.104.com.tw/job/8x77r
行銷,行銷專員,彥宣智能科技股份有限公司,電腦系統整合服務業,未知,0000000,0000000,面議,台北市內湖區,洲子街12號3樓,部分遠端,大學,2年以上,,00003,2026-01-08,"。(貼文是寫中文，但客戶和研發中心很多是外國人，需用英文溝通)
2. 2年以上社群[[[行銷]]]經歷。
3. 具內容[[[行銷]]]與簡報能力。
4. 熟悉 GA4、GTM、Hotjar 工具，具廣告投放操作與成效優化實績。


【工作內容】
1. 社群平台經營管理",https://www.104.com.tw/job/8xaz4
行銷,產品行銷專員,綠藤生物科技股份有限公司,藥品／化妝品及清潔用品零售業,未知,0035000,9999999,月薪,台北市大安區,敦化南路二段77號10樓之1A,部分遠端,學歷不拘,經歷不拘,,00001,2026-01-06,"這個職位，是[[[行銷]]]團隊的實戰小尖兵——也是踏進品牌[[[行銷]]]世界最紮實的起點。
你將親手參與品牌被看見的每一步：從產品上市、KOL / 異業合作，到[[[行銷]]]活動企劃與執行。
我們希望你不只是完成任務，而是從細節一起開始學習，一個品牌如何思考、如何策劃、如何讓",https://www.104.com.tw/job/8vk3q
行銷,行銷業務專員,曙光行銷有限公司,廣告行銷公關業,未知,0042000,0070000,月薪,台北市內湖區,行善路383巷27號,部分遠端,學歷不拘,經歷不拘,,00003,2026-01-11,"1.產品[[[行銷]]]
2.售後追蹤
3.依照公司目標協助執行客戶宣傳推廣
4.高額獎金制度歡迎有責任心想挑戰高薪人士應徵",https://www.104.com.tw/job/8en9p
行銷,【自媒體】短影音行銷企劃,人人品牌行銷有限公司,廣告行銷公關業,未知,0035000,0045000,月薪,台中市西區,五權西四街29號1樓,部分遠端,專科,1年以上,,00003,2025-11-11,"歡迎加入我們，一起把「吃喝玩樂」變成工作日常！

⸻

【你會做什麼？】
協助拍攝與剪輯各式短影音
主動發想影片企劃及執行

⸻

【我們需要你擁有】
有汽車駕照＋駕駛技術穩
熟悉剪映（會基本剪輯即可）
是滑手機高手，瞭解網路時事
樂觀不怕鏡頭不怯場

不限性別、不限年齡，只要你夠熱血，歡迎來應徵！

⸻

【工作資訊】
	•	地點：遠端工作
	•	薪資：月薪 35K 起，資深有作品者面議
	•	週休二日＋見紅休、勞健保＋團保
	•	三節獎金、聚餐獎金、業績獎金、員工旅遊
⸻

一起做有趣的事，我們就出發了",https://www.104.com.tw/job/8c0mj
行銷,廣告優化師 Performance Marketing Specialist,東朱數位行銷有限公司,其他零售業,未知,0050000,0100000,月薪,台北市中正區,仁愛路二段2號2樓,部分遠端,高中,2年以上,,00009,2026-01-09,"【 關於我們 】

＜DDM 東朱數位行銷＞是一家專注於 群眾募資與品牌電商的新創行銷顧問公司，
累積操作的募資與電商專案總銷售已突破 5 億元。

我們同時自營選物品牌《SANGU 三谷家電》，
與合作廠商攜手從產品開發、專案規劃到行銷實操，全程一手包辦。

在 DDM，我們相信好的產品值得被更多人看見，而廣告投放，是將潛力轉化為成果的關鍵推進器，這裡不是把預算丟進平台就好，而是用策略、數據與洞察，打造真正有效益的成效。

如果你想加入一個可以實戰、能學習、看得到成果與成長的新創行銷團隊，
這裡，會是你發揮實力的舞台。

------------------------------

【 我們正在尋找 】

我們正在尋找一位熟悉平台機制、對數據敏銳、敢扛預算、勇於優化的廣告投放專員。

你會與 PM、設計、內容團隊密切合作，
負責廣告策略、投放操作、素材驗證、預算配置與數據分析，
用你的判斷與能力，將流量轉為真實銷售。

我們重視效率，不鼓勵加班文化。
每季皆有績效獎金，
這裡是肯衝、肯學、想變強的人可以真正放大價值的地方。

------------------------------

【工作內容】

• 負責 Meta、Google 等平台廣告策略規劃與投放操作
• 設計並執行素材測試（文案 / 視覺 / 受眾 / 投放策略）
• 持續優化點擊率（CTR）、轉換率（CVR）與 CPA
• 監控並分析數據，提供專業決策與優化建議
• 與 PM、設計、內容團隊密切合作，提升整體廣告成效
• 追蹤市場趨勢與平台變化，轉化為實戰策略

------------------------------

【 我們希望你 】

• 具備至少 1 年以上廣告投放或數位行銷相關經驗
• 具備獨立解決問題與主動推進任務的能力
• 熟悉 Meta 或 Google Ads 其中一項以上（熟兩者加分）
• 對數據敏銳，習慣用邏輯拆解問題並提出解方
• 抗壓性佳，能在有限時間內提出有效優化策略
• 喜歡挑戰成效、享受把數字變漂亮的成就感
• 具備募資或電商廣告經驗者優先錄取

------------------------------

【 如果你具備以下，更是加分！ 】

■ 具備嘖嘖 / FlyingV / 募資廣告操作經驗
■ 具備完整漏斗思維與受眾策略規劃能力
■ 熟悉 A/B Test 方法與實務測試邏輯
■ 具備 GA、成效追蹤或報表分析能力
■ 熟悉 Notion、Slack、Google Sheets 等協作工具

這份工作不適合只想「照流程按按鍵」的人。
我們尋找的是願意研究、勇於測試、敢扛責任的廣告人才。

如果你曾把 ROAS 拉起來、CPA 壓下去、
曾因轉換漂亮而感到熱血，那你會非常適合這裡。

歡迎加入我們，一起用實力把成績打出來。",https://www.104.com.tw/job/8x5jp
行銷,行銷專員,香印農技股份有限公司,農／畜／水產品零售業,未知,0000000,0000000,面議,台北市信義區,松高路1號10樓之1,部分遠端,專科,經歷不拘,"農業相關,農業工程相關,市場行銷相關",00007,2026-01-09,"【工作內容】
• 官網經營與維護更新管理、網路活動設計
• 平台商品上下架、訂單庫存貨管理及報關關稅處理
• 制定產品[[[行銷]]]策略、文案撰寫、創意發想
• 廠商及供應商關係維護、開發潛在客戶及拓展市場
• 良好溝通協調能力，英文書信能力",https://www.104.com.tw/job/8ttyz
行銷,資深網路行銷公關,美麗動力股份有限公司,藥品／化妝品及清潔用品零售業,未知,0040000,9999999,月薪,新北市汐止區,新台五路一段79號6樓之2(C棟),部分遠端,專科,3年以上,,0,2026-01-06,"職務內容
負責公司日本美容保養品代理相關[[[行銷]]]企劃，工作內容涵蓋短影音內容規劃與拍攝、社群經營、團購企劃、KOL 合作及[[[行銷]]]素材應用。
以品牌端與代理商角度規劃市場推廣，並將內容實際應用於廣告刊登與轉換優化，重視成效與銷售結果。

工作說明：
以代",https://www.104.com.tw/job/8wyky
行銷,行銷企劃,泉湧美術印刷企業有限公司,廣告行銷公關業,未知,0000200,0000300,時薪,台中市北屯區,大連路1段323號,完全遠端,專科,2年以上,,00004,2026-01-05,"1. 建立、分析、建立可開發潛在顧客資料，並發展客戶維繫方案。
2. 建立、推廣、經營與管理現有品牌、產品以及公司整體的形象，並負責相關文宣資料的規劃與製作。
3. 規劃及建立銷售工具（如：產品型錄、簡介、競爭比較、效益分析等）開發有效客戶
4.協助公司同事處理公司事宜
5.發揮經驗與創意，建議及擬定公司開發方案
6.透過網路、社群、E-mail或其他可行方式推廣公司業務",https://www.104.com.tw/job/8x7cp
行銷,健康醫療行銷專案管理PM,葛萊恩行銷顧問有限公司,廣告行銷公關業,未知,0047000,9999999,月薪,台北市中正區,許昌街42之1號5樓​509室​,部分遠端,專科,3年以上,,00009,2026-01-01,"成效報表，知道下一步該怎麼調整會更好

【你是誰？】

3 年以上經驗，受夠了大公司的低效率，想在小公司拿高薪拼戰功。
不怕醫療產業，甚至覺得這是有挑戰性的藍海。
懂[[[行銷]]]邏輯，文字有溫度，做事有條理。

有自己的想法願意跟老闆抬槓！

【薪資與福利",https://www.104.com.tw/job/8x0u4
行銷,行銷設計專員,創點子媒體行銷有限公司,廣告行銷公關業,未知,0032000,0042000,月薪,桃園市中壢區,,部分遠端,專科,1年以上,"藝術商業設計,市場行銷相關,大眾傳播學相關",00006,2026-01-07,"【工作內容】
你喜愛設計、熱愛數位[[[行銷]]]，期待在創新科技領域不斷突破成長嗎？
我們正在尋找一位熱情且積極的視覺設計師加入創點子媒體團隊，並協助經營社群[[[行銷]]]。

你將負責的內容包含：
◆ 熟悉運用Adobe Photoshop、Illustrator",https://www.104.com.tw/job/87dcv
行銷,品牌行銷專員,社團法人全球小紅帽協會,社會福利服務業,未知,0037000,9999999,月薪,台北市大同區,大同區重慶北路三段335巷40號,部分遠端,高中以下,2年以上,,00004,2025-12-12,"工作內容
- 社群媒體內容製作、平台管理（主要為FB、IG、threads等）30%
- 倡議行動[[[行銷]]]企劃發想與協作 15%
- 社群[[[行銷]]]策略規劃與成效分析 10%
- 撰寫電子報、官網專欄傳遞小紅帽行動成果與組織理念 15%
- 對外分享組織行",https://www.104.com.tw/job/8wchs
行銷,品牌行銷企劃,樂奎有限公司,綜合商品批發代理業,未知,0035000,9999999,月薪,台北市信義區,松德路69號2樓 (距捷運永春站350公尺),部分遠端,大學,1年以上,,00002,2026-01-07,"【主要工作內容】
- 整合[[[行銷]]]：主導線上(官網、社群、EDM、會員) 整合[[[行銷]]]規劃與執行。
- 品牌視覺、[[[行銷]]]素材規劃設計 (視覺設計、排版、文案)
- 數位廣告：追蹤廣告投放與[[[行銷]]]成效，數據分析及策略優化。
- 其他主管交辦工作事務


【職務",https://www.104.com.tw/job/8x9lo
行銷,行銷專員,財團法人自然保育與環境資訊基金會,其他組織,未知,0036000,0040000,月薪,新北市新店區,民權路48號3樓,部分遠端,學歷不拘,3年以上,,00002,2026-01-09,"【職務內容】
1.負責本會[[[行銷]]]策略，負責管理自合作企業導入的大眾定期捐款。
2.負責創建內容觸及潛在捐款人，拓展捐款名單及成果。
3.分析既有內容及現況，制定操作策略，規劃廣告活動。
4.其他因應募款活動需求可能產生的[[[行銷]]]需求。

【需求與條件】",https://www.104.com.tw/job/8ribz
行銷,品牌行銷,墨雨互動設計有限公司,多媒體傳播相關業,未知,0030000,0040000,月薪,台北市信義區,基隆路2段189號9樓,部分遠端,專科,經歷不拘,,00001,2026-01-07,"我們正尋找一名活力充沛和創意十足的品牌[[[行銷]]]經理加入我們的團隊，帶領我們從無到有的品牌建設，這個角色在我們品牌建設的0-1階段中致關重要，需要一位專家帶領我們的品牌布展，推動各領域的參與和交流。

品牌策略發展：
製定並執行與 MONOLAB 的見",https://www.104.com.tw/job/8lqa6
行銷,行銷企劃,友環企業股份有限公司,電腦軟體服務業,未知,0032000,9999999,月薪,新北市板橋區,三民路二段37號7樓之2,部分遠端,高中,經歷不拘,,00002,2025-12-09,"- [[[行銷]]]推廣計畫企劃、簡報撰寫和提案
- 社群 &amp; 官網 Blog 內容規劃製作及上架檔期安排
- 市場[[[行銷]]]調查分析及產品[[[行銷]]]宣傳執行
- 活動規劃
- 顧客關係管理與廣告投放
- 對網路趨勢及產品敏銳度高
- 善團隊配合，具跨部門溝通協調之能力",https://www.104.com.tw/job/7firo
行銷,品牌行銷設計師,Tea18朝霧紅茶_朝霧紅茶有限公司,飲料店業,未知,0040000,0080000,月薪,南投縣魚池鄉,,部分遠端,專科,2年以上,,00003,2026-01-12,"工作內容:

1. 負責[[[行銷]]]企劃案的撰寫、規劃，籌備、執行公司對外的[[[行銷]]]活動與媒體活動（如：展覽、促銷活動），並對其效益進行分析與建議。
2. 進行產業競爭分析及市場調查分析。
3. 建立、分析現有顧客與潛在顧客資料，並發展客戶維繫方案。",https://www.104.com.tw/job/8m7sf
行銷,拍拍印 - 行銷企劃專員｜邀請有才華的你一同打造行銷奇蹟！,先知鳥有限公司,其它軟體及網路相關業,未知,0032000,0048000,月薪,台北市大同區,,部分遠端,專科,經歷不拘,"商業及管理學科類,大眾傳播學科類,其他相關科系",00001,2026-01-08,"我們正在尋找[[[行銷]]]的夢想家！ 全台最具創意的婚禮活動拍貼品牌「拍拍印」，正在熱情招募[[[行銷]]]企劃專員！如果你對品牌[[[行銷]]]、社群經營充滿熱情，渴望在婚禮及活動行業中脫穎而出，我們就是你理想的舞台！

你的工作內容將包括：

品牌社群經營：負責短影音創作、社",https://www.104.com.tw/job/8adu8
行銷,行銷企劃,上昇糧食有限公司,其他食品製造業,未知,0029500,0040000,月薪,嘉義縣溪口鄉,坪頂村下坪18號,部分遠端,專科,2年以上,,00002,2025-12-15,"找來找去，品牌公關、[[[行銷]]]企劃的相關工作，似乎都在都市。想要回鄉工作，也希望得到好的職涯發展。
友米友田在嘉義溪口，作為農業品牌，我們需要你一起努力！
想要一起為嘉義的農業開創新世界嗎？快加入我們吧！

工作內容：
1.社群經營及文案撰寫。
2.",https://www.104.com.tw/job/7z1id
行銷,行銷企劃專員,先聲數位服務有限公司,綜合商品批發代理業,未知,0000000,0000000,面議,台北市中山區,南京東路二段90號19樓,部分遠端,高中,1年以上,,00003,2026-01-06,"職務首要目標：
提升公司代理品牌知名度，因應市場變化提供營運、策略等規劃。

職務內容：
1. 負責[[[行銷]]]企劃案的撰寫、規劃，籌備、執行公司對外的[[[行銷]]]活動與媒體活動（如：展覽、促銷活動），並對其效益進行分析與建議。
2. 進行產業競爭分析及市場調查",https://www.104.com.tw/job/76n4g
行銷,HE-網路行銷小編,宏恩醫院,醫院,未知,0000300,0001000,面議,台中市南區,南平路33號,部分遠端,高中,經歷不拘,"本國語文相關,資訊管理相關",00007,2026-01-08,"1.撰寫網路或社群貼文、具備撰寫文案、故事、採訪的能力 。
2.Instagram、Facebook、threads經營，文案發想與推廣。
3.具備社群話題創造能力、提升醫療體系品牌正面形象及內容曝光度等[[[行銷]]]操作。
4.具編輯短影音能力
5.其他",https://www.104.com.tw/job/8tnrh
行銷,Pierre Bear Select - PT 行銷助理,富熊熊有限公司,鞋類／布類／服飾品零售業,未知,0000220,0000240,時薪,台中市北屯區,昌平東七路3號（店A),部分遠端,高中,1年以上,,00005,2026-01-11,"1.  社群經營(內容[[[行銷]]]) ：提升各數位平台流量及品牌溝通
2. 數位[[[行銷]]]文宣製作
3. 協助正職執行[[[行銷]]]活動
4. 行政庶務、報表製作
5. 門市管理及出貨",https://www.104.com.tw/job/8iu9t
行銷,【擴編】醫美 網站文字編輯/內容企劃／SEO行銷專員 ( 2026優質採光辦公室 ),HALO_勤診所,診所,未知,0045000,9999999,月薪,台北市大安區,安和路一段32號2樓之2,部分遠端,專科,1年以上,市場行銷相關,00006,2025-11-10,"經驗佳｜基礎 SEO 能力
熟論壇／社群內容操作（Dcard/IG/Threads）
懂醫療/醫美廣告法規與用詞
有醫美/皮膚科/整外/診所端經驗加分
具廣告/[[[行銷]]]/電商/廣代背景佳
邏輯清晰、獨立執行、個性開朗、善溝通


【Halo正職員工福利",https://www.104.com.tw/job/8cffq
行銷,策略部-（資深）行銷企劃專員 Marketing Executive,好食課股份有限公司,廣告行銷公關業,未知,0038000,0050000,月薪,台北市大安區,敦化南路二段180號6樓,部分遠端,大學,經歷不拘,,00002,2026-01-09,"對吃的、健康有熱忱嗎？我們正與民眾一起邁向更健康的未來！如果喜歡我們在做的事，認同我們的理念，歡迎加入好食課大家庭！

好食課是台灣最頂尖的健康[[[行銷]]]公司，至今已經服務超過200家以上的客戶

▶︎ 通路：全家便利商店、萊爾富、大樹藥局...等
▶",https://www.104.com.tw/job/7qgkg
行銷,通路行銷專員/Trade Marketing,綠藤生物科技股份有限公司,藥品／化妝品及清潔用品零售業,未知,0043000,9999999,月薪,台北市大安區,敦化南路二段77號10樓之1A,部分遠端,學歷不拘,2年以上,,00006,2026-01-06,"&quot; 你的每一次消費，都在為你理想中的世界投下一票 &quot;-安娜.拉佩

我們希望透過門市/通路體驗讓消費者認識綠藤的理念、產品和溫度，進而投下對肌膚與環境更好的一票，而線下[[[行銷]]]的範疇，是提供不同的促銷規劃、活動設計、視覺陳列及通路曝光，來吸引各種客群",https://www.104.com.tw/job/8vyft
行銷,[年後上班]醫藥行銷-數位專案人員(Account Executive),亞典醫藥/醫療行銷公關_亞典行銷顧問有限公司,廣告行銷公關業,未知,0037000,0047000,月薪,台北市南港區,三重路19-2號6F-3(南軟一期D棟),部分遠端,專科,1年以上,"大眾傳播學科類,市場行銷相關,醫藥衛生學科類",00002,2026-01-12,"1.醫療公關與[[[行銷]]]專案執行
2.專案管理與跨部門協調溝通
3.數位[[[行銷]]]（含AI工具與SEO應用）及社群內容規劃
4.內外部協作與臨時任務支援

｛亞典金句｝希望與理念永遠存在，只是看你信與不信。-電影《刺激1995》

進一步認識亞典，歡迎至我們",https://www.104.com.tw/job/8v9df
行銷,資深網路行銷企劃 (居家飾品類),沐慕家居企業社,多媒體傳播相關業,未知,0000000,0000000,面議,桃園市楊梅區,獅五路3號6樓,完全遠端,高中,經歷不拘,,00005,2026-01-07,"供洞察與優化建議
* 結合[[[行銷]]]活動（檔期、新品、促銷）進行廣告資源配置與成效預測
* 協同團隊進行廣告素材優化、文案建議與 A/B 測試設計
* 分析消費者行為與轉換數據，提出提升轉換率的策略與執行方案
* 協助建立與優化廣告指標追蹤架構（GA4、",https://www.104.com.tw/job/7k12i
行銷,醫療內容行銷小組長（SEO）,雅德思行銷顧問有限公司,廣告行銷公關業,未知,0052000,0060000,月薪,台北市大安區,敦化南路二段99號13樓,部分遠端,專科,3年以上,,00004,2026-01-07,我們正在尋找一位深耕內容、對數據有感，且具備領導潛力的 SEO 內容專家。隨著公司業務擴張，醫療[[[行銷]]]已進入「內容為王」的戰場。在這個職位上，你將帶領一名組員，並直接對副總匯報，主導客戶醫療網站的SEO佈局。你將確保每一篇產出的內容不僅具備高排名潛,https://www.104.com.tw/job/8d67m
行銷,電商行銷專員,賦城股份有限公司,綜合商品批發代理業,未知,0045000,9999999,月薪,新北市汐止區,新台五路一段77號10樓,部分遠端,專科,2年以上,,00002,2025-12-23,"1. 負責網站[[[行銷]]]策略企劃、制定、執行
2. 管理網站內容，包括撰寫文案、編輯圖片(須具備基礎美編能力)、規劃版面
3. 負責數據分析，提出[[[行銷]]]策略建議
4. 執行各項網路[[[行銷]]]活動，如電子報、社群媒體、廣告投放等
5. 與其他部門合作，協助推動公",https://www.104.com.tw/job/8r8bk
行銷,數位行銷業務,儒億整合行銷有限公司,工商顧問服務業,未知,0030000,1000000,月薪,台中市南屯區,黎民路二段71巷11號,完全遠端,專科,1年以上,,00003,2025-12-17,"
2.依據客戶[[[行銷]]]需求，進行廣告方案規劃，並製作簡報提案
3.熟悉FB IG 等數位媒體
4.對於媒體、時事有一定的敏銳度

/錄取條件
1.有電話[[[行銷]]]經驗者尤佳
2.需要一年以上[[[行銷]]]或銷售開發工作經驗
3.具有網路[[[行銷]]]基本觀念者",https://www.104.com.tw/job/822he
行銷,策略部-行銷企劃專案經理 Project Manager,好食課股份有限公司,廣告行銷公關業,未知,0048000,0060000,月薪,台北市大安區,敦化南路二段180號6樓,部分遠端,大學,3年以上,,00004,2026-01-09,"對吃的、健康有熱忱嗎？我們正與民眾一起邁向更健康的未來！如果喜歡我們在做的事，認同我們的理念，歡迎加入好食課大家庭！

好食課是台灣最頂尖的健康[[[行銷]]]公司，至今已經服務超過200家以上的客戶

▶︎ 通路：全家便利商店、萊爾富、大樹藥局...等
▶",https://www.104.com.tw/job/7qgov
行銷,品牌暨數位行銷專員,安幸有限公司,不動產經營業,未知,0045000,0065000,月薪,台北市松山區,八德路二段410巷5弄1號,部分遠端,專科,1年以上,,00004,2025-12-20,"*請先將作品(過去經營的社群)/網站等作品提供，謝謝您!

我們是包租代管與旅宿相關公司，
目前經營多個地點的月租公寓據點，
正在把「單一物件經營」升級為「品牌化經營」。

我們正在找一位 能實際動手做 的品牌與[[[行銷]]]夥伴，
一起把公司的物件與服務",https://www.104.com.tw/job/8fn8j
行銷,口碑行銷論壇寫手（遠端接案合作）,群巢數位行銷有限公司,廣告行銷公關業,未知,0000300,0000600,面議,新北市新莊區,中原路333號6樓,完全遠端,專科,1年以上,,00012,2026-01-08,"實績者佳

【技能需求】
熟悉口碑[[[行銷]]]內容發想，能依產品特性撰寫論壇原生文案
熟悉 PTT／Dcard／Mobile01／Threads 等平台文化與用語
文筆自然、有網感，能寫出「像使用者、不是像廣告」的內容
對鄉民文化敏感，知道哪些內容會被討論",https://www.104.com.tw/job/8xbvm
行銷,數位行銷業務經理,丞相帶風象行銷有限公司,廣告行銷公關業,未知,1000000,9999999,年薪,台北市中山區,,完全遠端,學歷不拘,1年以上,,00003,2025-10-16,"碑[[[行銷]]]
2.社群[[[行銷]]]
3.網紅[[[行銷]]]

備註：提供專案利潤15%的業績獎金",https://www.104.com.tw/job/8d6xq
行銷,新)銀髮商城行銷企劃,銀色大門事業股份有限公司,其它軟體及網路相關業,未知,0032000,0042000,月薪,嘉義縣民雄鄉,建國路二段142之116號,部分遠端,高中,經歷不拘,,00001,2026-01-01,"【工作內容】
一、銷售與成效追蹤
監控商城[[[行銷]]]活動數據，提出優化與調整建議。

二、內容[[[行銷]]]
1.規劃年度與季度[[[行銷]]]活動（如節慶檔期、健康議題活動）。
2.發想並執行社群內容，傳遞陪伴、關懷與生活感的品牌訊息。
3.撰寫商品故事，深化「銀髮友善」",https://www.104.com.tw/job/8u5k6
行銷,"Marketing Specialist, Clinical Team (市場行銷專員)",佑康股份有限公司,醫療器材製造業,未知,0000000,0000000,面議,台北市信義區,忠孝東路五段550號14樓,部分遠端,專科,經歷不拘,"其他醫藥衛生相關,市場行銷相關,護理助產相關",00003,2025-11-13,"驅動[[[行銷]]]：透過產品[[[行銷]]]來協助業務團隊達成銷售目標。舉辦教育訓練或學會活動展出，提升產品曝光度。

產品專業：設計輔助銷售工具及整理產品應用資料。

績效追蹤：持續監控銷售績效與預測進行比較，為區域市場潛力評估及策略規劃提供支持。

團隊合作：與業",https://www.104.com.tw/job/8vpna
行銷,票務經營Team－行銷業務專員,統一集團_安源資訊股份有限公司,電腦系統整合服務業,未知,0000000,0000000,面議,台北市內湖區,石潭路161號7樓,部分遠端,大學,5年以上,,00001,2026-01-03,"1.展演活動招商，維護客戶關係及開發潛在客戶，以達成業績目標。
2.陌生開發新合作客戶。
3.票務[[[行銷]]]活動規劃與[[[行銷]]]/媒體統籌執行。
4.經營數據/市場情報匯整分析。
5.獨立負責專案執行。
",https://www.104.com.tw/job/8uum1
行銷,JP B2B 行銷專員,微拓科技股份有限公司,電腦軟體服務業,未知,0000000,0000000,面議,台北市松山區,民生東路三段109號17樓,部分遠端,大學,經歷不拘,大眾傳播學科類,00002,2025-12-18,"我們正在尋找一位深耕日本市場的（資深）B2B [[[行銷]]]專員。你將加入一個充滿動能的國際[[[行銷]]]團隊，核心任務是帶領潛在客戶開發（Lead Generation）策略，並持續優化轉化效能，協助團隊精準達成業務目標。

▎關於 beBit TECH",https://www.104.com.tw/job/8wrkf
行銷,友善環境農食電商 數位行銷(網站行銷企劃、文案) 實習/兼職,直接跟農夫買股份有限公司,食品什貨零售業,未知,0000200,9999999,時薪,桃園市桃園區,春日路1492之1 四樓(海王經貿),部分遠端,大學,經歷不拘,,0,2026-01-05,"&lt;產品＆品牌 [[[行銷]]]企劃文案&gt;：對[[[行銷]]]與友善環境農業有極大熱忱，撰寫具專業知識與溝通影響力的文案，並與設計溝通視覺需求，透過官網/LINE/FB/YOUTUBE/會員信/直播/IG...等素材做推播。 
2. &lt;社群經營&gt;: 對與人溝通有高度熱忱，進",https://www.104.com.tw/job/7jsde
行銷,產品行銷企劃人員,台灣森永製菓股份有限公司,食品什貨零售業,未知,0000000,0000000,面議,台北市北投區,中央南路二段22號,部分遠端,專科,2年以上,,00007,2026-01-03,"
*此職務以「森永續佑」品牌為主

1.	依品牌需求規劃並執行商品開發專案，包含市場調研、提案、專案管理至上市流程，具保健品開發經驗尤佳。
2.	依據年度目標進行產品管理與[[[行銷]]]規劃，推動品牌曝光、會員經營及業績成長。
3.	規劃並統籌品",https://www.104.com.tw/job/8ej2f
行銷,行銷企劃暨設計（台北）,美之心國際股份有限公司,鞋類／布類／服飾品零售業,未知,0042000,9999999,月薪,台北市信義區,,部分遠端,專科,1年以上,,00001,2026-01-09,"｜策略發想
規劃品牌形象推廣策略，確保符合品牌定位
發想[[[行銷]]]活動主題與禮贈品創意方向

｜企劃執行
統籌整合[[[行銷]]]活動：實體（快閃、異業合作）、線上（社群互動、數位推廣）
操作宣傳渠道（社群、官網、合作平台），負責時程控管與成效追蹤
協同業務團隊，",https://www.104.com.tw/job/8xdlv
行銷,網路行銷企劃專員,仁德醫護管理專科學校,其他教育服務業,未知,0030000,0040000,月薪,苗栗縣後龍鎮,溪洲里砂崙湖79之9號,部分遠端,專科,經歷不拘,,00001,2026-01-06,"1. 負責[[[行銷]]]企劃案的撰寫、規劃，籌備、執行公司對外的[[[行銷]]]活動與媒體活動（如：展覽、促銷活動），並對其效益進行分析與建議。
2. 進行產業競爭分析及市場調查分析。
3. 建立、分析現有顧客與潛在顧客資料，並發展客戶維繫方案。
4. 建立、推廣、經",https://www.104.com.tw/job/82qig
行銷,【Niceday】Marketing Executive 行銷專員,曙客股份有限公司,其它軟體及網路相關業,未知,0500000,0600000,年薪,台北市中山區,八德路二段203號4樓,部分遠端,高中,經歷不拘,,00001,2025-12-22,"安排屬於孩子的美好體驗。

我們相信，每個孩子都有無限可能，每個家庭都值得被支持。如果你擁有溫柔的觀察力、敏銳的市場直覺，並樂於用創意連結品牌與人，歡迎加入我們的[[[行銷]]]團隊，一起讓更多家庭「快樂玩、安心選」！

【你的工作內容｜What You’ll",https://www.104.com.tw/job/8ufmi
行銷,SEO內容行銷專員,貳拾貳室股份有限公司,室內設計業,未知,0032000,0042000,月薪,新北市新莊區,中央路,部分遠端,專科,經歷不拘,,00005,2025-12-11,"工作內容
1. 撰寫居家改造、室內設計相關的部落格文章（包含搜集資訊、建立邏輯性文章架構）
2. 網站舊有內容優化與文章例行上架官網
3. 與團隊共同發想符合SEO的內容[[[行銷]]]策略
4. 與設計團隊、商城團隊跨部門合作
5. 其餘主管交辦事項

必",https://www.104.com.tw/job/8b06s
行銷,品牌行銷企劃專員/小編,堅禾設計室內裝修有限公司,建物裝修及裝潢業,未知,0035000,0050000,月薪,台北市大同區,延平北路2段202號18樓,部分遠端,大學,1年以上,,00005,2025-12-09,"歡迎對社群內容與影音創作、或對室內設計居家生活美學工作內容有興趣的夥伴加入!

【工作內容】
1.社群經營與[[[行銷]]]規劃：
・經營與優化公司官方(Meta(FB)、Instagram、Threads、LINE@、YouTube、TikTok)等社群平",https://www.104.com.tw/job/8whjy
行銷,新媒體行銷企劃 | 短影音創作,面子新媒體行銷有限公司,廣告行銷公關業,未知,0035000,0045000,月薪,台中市東區,力行路40號,部分遠端,學歷不拘,1年以上,,00007,2026-01-03,"《 你熱愛創作影音，不想只是藏鏡人。而是寫出有靈魂的故事劇本、拍攝出引領市場的神作》

在這份新媒體[[[行銷]]]企劃工作中，您將負責「影音創作」，能夠獨立作業，你有靈活的想法與快速的執行力，對於影音敏銳度高，知道現在什麼最有流量。想到什麼馬上就地取材嘗試",https://www.104.com.tw/job/8wzaf
行銷,月薪保底10萬以上直播主,艾塔塔行銷工作室,廣告行銷公關業,未知,0100000,0100000,月薪,台北市內湖區,各縣市辦公室 或 自家,完全遠端,學歷不拘,經歷不拘,,00019,2026-01-06,"1. 平台直播累積粉絲

2.粉絲約會協助應對與收禮

3.拓展自己的人脈圈，有機會破圈成為更有資源的人


本公司會依主播個人需求，打造個人直播與行銷模式

前期直播時，公司一線人氣主播，一對一訊息在線教學粉絲應對

擁有保底專案，達成直播時數與禮物發放底薪，可增加額外收入

若不方便在家直播，公司提供地點進行直播",https://www.104.com.tw/job/8s0nv
行銷,訂單管理專員 Order Management Specialist,東朱數位行銷有限公司,其他零售業,未知,0040000,0045000,月薪,台北市中正區,仁愛路二段2號2樓,部分遠端,高中,經歷不拘,,00038,2026-01-04,"【 關於我們 】
＜DDM 東朱數位行銷＞是一家專注於 群眾募資與品牌電商 的數位行銷公司，
長期協助 3C、家電與生活品牌，從產品規劃、募資上市到電商銷售與後端營運。

公司專案量穩定，內部已建立完整的訂單與出貨作業流程。
此職位主要負責日常訂單與資料處理相關作業，工作內容明確、流程穩定，工作以訂單與資料處理為主，無業績壓力，
我們希望找到一位細心、邏輯清楚的夥伴，協助確保每一筆訂單都能正確、順利完成。

------------------------------

【工作內容】
■ 負責 B2C、B2B 訂單資料整理與出貨流程管理

B2C 訂單作業流程
■ 從各大電商平台下載訂單資料
■ 彙整訂單資料並匯入 ERP 系統
■ 將訂單轉交供應商安排出貨
■ 追蹤供應商出貨進度，取得物流單號
■ 將物流單號回傳至各電商平台，更新訂單狀態

B2B 訂單作業流程
■ 整理 B2B 出貨相關資訊
■ 將物流單號回傳給經銷商
■ 協助處理訂單、出貨相關的異常狀況
■ 與內部同仁、供應商及合作夥伴進行溝通與確認

------------------------------

【 我們希望你 】
■ 邏輯清晰，能有條理地處理大量訂單與資料
■ 細心、穩定，對數字與流程有基本敏感度
■ 能依照既有流程獨立完成交辦事項

------------------------------

【必備技能】
精通 Excel，能實際運用公式進行資料整理、比對與檢核
（如：VLOOKUP、IF 等常用公式）

------------------------------

【加分條件】
■ 有電商平台後台或 ERP 系統操作經驗
■ 有訂單管理、物流或營運相關工作經驗",https://www.104.com.tw/job/8x5tc
行銷,行銷企劃,驊顯有限公司,藥品／化妝品及清潔用品零售業,未知,0045000,0080000,月薪,台北市中正區,汀洲路一段370號,部分遠端,大學,1年以上,,00008,2026-01-09,"工作項目
1. 負責網站前後台功能及整體動線的企劃、執行與維護。
2. 規劃網路內容、服務及活動，並定期更新、維護及管理。
3. 負責網站內容招募、提案與執行。
4. 負責電子報、EDM及各種宣傳文案的設計、製作與發送。
5. 進行網路[[[行銷]]]及服務",https://www.104.com.tw/job/7wl5l
行銷,行銷企劃專員,知域室內設計有限公司,建物裝修及裝潢業,未知,0040000,9999999,月薪,台北市大同區,雙連街53巷27號,部分遠端,專科,經歷不拘,,00004,2025-12-29,"『設計不只是工作，而是一場與生活對話的旅程。』

我們有開放自在的工作氛圍、穩定的專案資源，
也提供完整的學習制度與成長機會，
讓每位夥伴在實踐創意的同時，也能不斷精進、看見自己的可能。


工作內容
１.制定年度廣告宣傳、社群[[[行銷]]]、公關活動計畫",https://www.104.com.tw/job/84f4l
行銷,品牌/網路行銷企劃,爾聲空間設計有限公司,室內設計業,未知,0036000,0050000,月薪,台北市中山區,長安東路二段77號2樓,部分遠端,大學,經歷不拘,,00004,2026-01-06,"曾任職於室內設計/房地產/家用品或奢侈品產業，負責[[[行銷]]]企劃、廣告或公關工作2年以上經驗。

文字敏銳度高、溝通表達能力佳，擅長挖掘品牌獨特性，針對精準客群制定[[[行銷]]]策略，進而提升品牌形象、曝光率和諮詢量。

備註：應徵此職缺時，請確認履歷中",https://www.104.com.tw/job/8cgj9
行銷,公共政策行銷企劃,風神整合行銷有限公司,廣告行銷公關業,未知,0032000,0042000,月薪,新竹市,北區經國路二段56號3樓,部分遠端,專科,經歷不拘,,00005,2026-01-06,"【你將在團隊參與以下工作內容】
- 資料蒐集與彙整
- 社群文章撰寫

【我們期待您具備以下能力】
- 敏銳的時事觀察能力。
- 對公共議題能提出評論與看法。
- 卓越的文字掌握能力，能流暢寫出1千字以上文章
- 良好溝通能力，積極、細心、耐心。
- 具團隊精神、抗壓性高及自主管理能力佳。
- 想法靈活敏銳，能根據現況適時調整操作方向。

【加分項目】
- 曾經擔任過文字記者、政治幕僚、民代助理。
- 具有品牌或內容型社群媒體操作經驗。
- 強大的創意爆發力。
- 自備汽車

【為什麼要加入我們？】
- 自由的上班體制，請假靈活，不被地點拘束、團隊年輕、週休二日(與國定假日)，補班不進公司。
- 勞保、健保、特別休假、年終獎金。

如果您符合以上要求並有興趣加入我們，請提交您的履歷和相關作品集。我們期待著與您見面！",https://www.104.com.tw/job/8pr8r
行銷,日本通路行銷企劃,蘿蔔先生行銷顧問有限公司,廣告行銷公關業,未知,0040000,9999999,月薪,台北市松山區,延吉街46巷七號,部分遠端,專科,1年以上,,00010,2025-12-29,"此工作
主要是協助公司跨國貿易及[[[行銷]]]部分
協助台灣商品到日本通路上架
協助日本商品來台灣推廣
也會涉及到一些日本旅遊觀光推廣及台灣物產推廣之標案
＊工作上飛日本時有時候會幫忙派樣，回台灣時有時候會做一些代購
＊出差頻率約一季一次

可以參考公司粉",https://www.104.com.tw/job/8vw6s
行銷,行銷媒合專員 (Creator Collaboration Specialist),新銳數位股份有限公司,網際網路相關業,未知,0036000,0055000,月薪,台北市信義區,基隆路一段178號5樓,部分遠端,專科,經歷不拘,,00004,2026-01-04,"【嗨！歡迎來到簡單溫度計】
簡單溫度計是 vocus 旗下創作者媒合服務，專為企業與品牌主提供高效的創作者[[[行銷]]]解決方案。我們擁有專業顧問團隊和 8 萬+ 創作者資料庫，已成功與超過 2,000 個品牌合作，跨足餐飲、旅遊、美妝、宅配、醫美、寵物等",https://www.104.com.tw/job/8b17q
行銷,行銷助理(兼職/實習生),香印農技股份有限公司,農／畜／水產品零售業,未知,0000196,9999999,時薪,台北市信義區,松高路1號10樓之1,部分遠端,專科,經歷不拘,"農業相關,農業工程相關,市場行銷相關",00008,2026-01-09,"【工作內容】
• 官網經營與維護更新管理、網路活動設計
• 平台商品上下架、訂單庫存貨管理及報關關稅處理
• 制定產品[[[行銷]]]策略、文案撰寫、創意發想
• 廠商及供應商關係維護、開發潛在客戶及拓展市場
• 良好溝通協調能力，英文書信能力
• 需配合出",https://www.104.com.tw/job/8rf6m
行銷,(整合行銷一部)行銷企劃工讀生,潮網科技股份有限公司,網際網路相關業,未知,0000200,0000200,時薪,台北市中正區,延平南路189號3樓,部分遠端,高中,經歷不拘,,00004,2025-12-24,"作為 [[[行銷]]]企劃工讀生 你/妳將會負責：
1. 協助廣告數據結案整理(META、Google、LINE、LinkedIn等媒體)
2. 企劃書或簡報製作
3. 資訊蒐集、市場分析、社群貼文等文案撰寫
4. 社群月報整理與維運協助
5. 專案執行，如",https://www.104.com.tw/job/7eexp
行銷,【日商 | IP授權行銷企劃】,台灣微告股份有限公司,網際網路相關業,未知,0035000,9999999,月薪,台北市松山區,八德路三段32號15樓,部分遠端,學歷不拘,2年以上,,00005,2026-01-08,"MicroAd Taiwan（台灣微告）成立於 2013 年，總公司位於日本東京澀谷，是亞太地區數位[[[行銷]]]的先驅。十多年來，我們持續以專業與創新推動品牌成長，並在跨國合作的環境中，打造一支支持彼此、充滿活力的團隊。

在數位[[[行銷]]]累積深厚經驗後，於",https://www.104.com.tw/job/8pkd7
行銷,"【德商BRITA】(Senior) Specialist, Trade Marketing (資深)通路行銷專員",台灣碧然德有限公司,家庭電器／設備及用品批發業,未知,0000000,0000000,面議,新北市新店區,北新路三段205號3樓(台北矽谷大樓),部分遠端,專科,3年以上,,00005,2025-12-01,"內陳列物/贈品需求(種類/數量)
- 與合作廠商發展設計並確認符合陳列規範
- 確認陳列物/贈品設計製作交期與處理後續內部配送作業
- 通路陳列物維運及追蹤執行狀況
- 通路活動執行及檢視成果狀況
2.通路[[[行銷]]]相關報表整合
- 通路陳列圖檔整理
-",https://www.104.com.tw/job/80s8d
行銷,網紅行銷專案企劃,達利整合行銷有限公司,網際網路相關業,未知,0034000,0042000,月薪,高雄市新興區,中正三路55號28樓,完全遠端,大學,2年以上,,00007,2026-01-01,"1.負責品牌合作專案的前期資料彙整與梳理，包括審核品牌方提供的開團商品素材及業配合作人選條件，將內容轉化為執行同仁的標準操作流程 (SOP)，作為專案執行依據，確保專案執行項目符合品牌需求。
2.協調內部團隊 (如執行專員、研發工程師) 與品牌方溝通，確認專案規格、時間表及風險點，確保專案順利推進。
3.追蹤專案進度，彙整數據報表 (如銷售業績、KOL發文成效)，並提供品牌方回饋與優化建議，參與新專案開發，評估合作可行性，並支援公司整體營運策略。
4.其他主管交辦事項，包含行政支援與跨部門協作。",https://www.104.com.tw/job/8whv0
行銷,診所行銷人員（兼職）,樂善診所,診所,未知,0000196,0000250,時薪,台北市內湖區,行善路260號,部分遠端,高中,經歷不拘,,00002,2025-12-25,"1.整合[[[行銷]]]企劃：活動創意發想、企劃撰寫、時程與預算規劃、執行與成效檢核。
2.網路／品牌[[[行銷]]]（可獨立作業）：品牌定位、內容節奏規劃、成效追蹤與優化。
3.SEO／關鍵字／網站經營：關鍵字研究、內容優化、基本技術 SEO 。
4.專案統籌。
5.",https://www.104.com.tw/job/8uey9
行銷,【外包接案/遠端工作】遊戲社群行銷 兼職/實習/工讀可,烴奈股份有限公司,電腦軟體服務業,未知,0005000,9999999,面議,台北市大同區,重慶北路一段 1-1 號 12 樓,完全遠端,高中以下,經歷不拘,,00005,2026-01-09,"我們正在招募【遊戲社群[[[行銷]]]】
你將協助遊戲的[[[行銷]]]夥伴，一同討論並執行 Team9 遊戲作品的社群經營與[[[行銷]]]事務，包含資料蒐集、社群與玩家互動、素材製作、[[[行銷]]]聯繫、BUG 回報追蹤等。
如果你有著善於互動的小編魂，且同時也是對遊戲有高度興趣的資深玩",https://www.104.com.tw/job/8xdxz
行銷,全遠端工作SEO內容行銷專員(底薪:5萬起),戰國策網路科技股份有限公司,網際網路相關業,未知,0045000,0080000,月薪,台北市信義區,松德路159號13樓,完全遠端,大學,經歷不拘,,00005,2026-01-07,"面試SEO寫手/主管請附上:
近1年您所撰寫的5~10 篇內容[[[行銷]]]文章（以上）或操作的對應關鍵字，證明&quot;該關鍵字&quot;內容已排名至 Google 第一頁及被AI成功案例  呈現方式請參考範例：https://n9s.com/ex

薪資
1.底薪:4",https://www.104.com.tw/job/7tplr
行銷,行銷企劃,尚穎餐飲,餐館業,未知,0032000,0045000,月薪,台南市北區,西門路三段,部分遠端,專科,1年以上,,00004,2026-01-04,"
工作內容：
1. 負責[[[行銷]]]企劃案的撰寫、規劃，籌備、執行公司對外的[[[行銷]]]活動與媒體活動（如：展覽、促銷活動），並對其效益進行分析與建議。
2. 進行產業競爭分析及市場調查分析。
3. 建立、分析現有顧客與潛在顧客資料，並發展客戶維繫方案。
4.",https://www.104.com.tw/job/8ve46
行銷,Ann&#039;S 品牌行銷企劃電商社群專員,Ann&#039;S_紘瑞國際股份有限公司,鞋類／布類／服飾品零售業,未知,0033000,0040000,月薪,新北市永和區,保生路1號7樓之1,部分遠端,專科,經歷不拘,,00003,2026-01-08,"【工作內容為】
●社群媒體經營
●拍攝跟拍+前置作業規劃
●部落格經營撰寫文章
●直播小編、拍攝影片企劃
●電商通路活動運營
●業績整理、評估[[[行銷]]]活動曝光效益成效追蹤

對流行有高度興趣、網購經驗豐富
有基本Photoshop與影片剪輯基礎經驗者",https://www.104.com.tw/job/43hlq
行銷,電商數位行銷專員,愛騎創新有限公司,其他零售業,未知,0038000,0055000,月薪,台北市中山區,南京東路二段101號,部分遠端,學歷不拘,1年以上,,00006,2026-01-01,"Top Brake｜高階 MTB / eMTB 煞車來令品牌｜[[[行銷]]]歐美市場

Top Brake 是來自台灣、[[[行銷]]]歐美的高階自行車煞車品牌，於品牌成長階段。我們以高標準打造產品，並以國際品牌的視角經營每一個細節。
我們正在尋找 願意持續學習、能在",https://www.104.com.tw/job/8w8qo
行銷,KeepTossingLab [Global Solution] - 數位品牌整合行銷(Digital Brand Marketing Specialist),傳接球實驗數據股份有限公司,數位內容產業,未知,0035000,0065000,月薪,台南市歸仁區,歸仁十三路一段6號六樓 [國科會資安暨智慧科技研發大樓],部分遠端,高中,1年以上,,00003,2026-01-01,"


【職位挑戰與機會】
- 數位[[[行銷]]]策略規劃 ：以產品品牌受眾為核心，策劃創意[[[行銷]]]主軸，制定精準的 2C / 2B [[[行銷]]]策略，助力品牌實現影響力最大化。
- 國際[[[行銷]]]專案執行：定期與國外合作夥伴進行策略研討，從構思到執行掌控全局，深度分析[[[行銷]]]數據，確保",https://www.104.com.tw/job/8192e
行銷,零售策略與數據分析專員（Travel Retail Assistant Manager）,新月直效行銷有限公司,廣告行銷公關業,未知,0000000,0000000,面議,台北市松山區,敦化南路一段102號2樓之三,部分遠端,大學,3年以上,,00008,2026-01-05,"能結合數據洞察與現場經驗提出可行建議並持續追蹤執行。

【主要工作內容】
分析銷售數據、門市績效與旅客流量趨勢，找出潛在成長機會

監控機場門市陳列、促銷活動與POSM執行成效，提供優化建議

定期產出門市績效報告與商業洞察，回饋[[[行銷]]]與銷售決策",https://www.104.com.tw/job/8qqam
行銷,電商客服專員 E-commerce Customer Service Specialist,東朱數位行銷有限公司,其他零售業,未知,0035000,0042000,月薪,台北市中正區,仁愛路二段2號2樓,部分遠端,學歷不拘,經歷不拘,,00048,2026-01-10,"【 關於我們 】
＜DDM 東朱數位行銷＞是一家專注於群眾募資與品牌電商的新創顧問公司，
累積操作的募資與電商專案總銷售已突破 5 億元。

我們同時自營選物品牌 ＜SANGU 三谷家電＞，
並與眾多品牌合作，從產品開發、專案規劃到行銷投放，全程一手包辦。

客服團隊是品牌信任的最前線，負責串接顧客需求、產品資訊與內部資源，
確保每位消費者都能獲得溫暖、清楚且高效率的協助。
我們正在尋找一位具有耐心、邏輯與溝通力的客服專員，
加入我們，一起打造更完善的顧客體驗。

------------------------------

【工作內容】
你將成為顧客與品牌之間的第一線溝通橋樑，
負責回覆訊息、處理售後、維護資料，並參與顧客體驗流程的優化。

一、前線客服回覆與問題處理

• 於 LINE@、Facebook 私訊／貼文留言、Email、嘖嘖、客服電話等平台回覆顧客詢問
• 提供專業、清楚的產品解說（以餐廚與生活家電為主）
• 處理訂單查詢、出貨進度、退換貨、退款等售後需求

二、產品理解與資訊提供

• 熟悉產品功能、使用方式與注意事項
• 能將複雜問題拆解為顧客易懂的回答
• 協助提升顧客對產品的正確認知與使用體驗

三、客服知識管理與資料整理

• 彙整常見問題，整理 FAQ 與回覆話術模板
• 建立與維護顧客資料，確保資訊完整正確
• 收集消費者回饋，定期回報給 PM、行銷與產品團隊

四、行政支援與跨部門協作

• 協助行政事務：收發郵件、文具採購、簡易庶務
• 與物流、行銷、團購等團隊串接資訊，加速問題處理
• 執行主管交辦事項與基本文書作業

------------------------------
 
【 我們希望你 】
• 抗壓性佳，情緒穩定，能冷靜應對顧客突發狀況
• 喜歡與人互動，具同理心、耐心與服務熱忱
• 擅長邏輯整理與清楚表達，能將問題說清楚、講明白
• 熟悉電腦基本操作（文書、資料輸入、社群回覆）
• 願意主動學習產品知識，對餐廚／家電商品有興趣更佳
• 具電商客服經驗者（蝦皮、momo、自營官網等）優先
• 高中職以上學歷，需具備基本商業書信與客服文字能力

------------------------------
 
【 如果你具備以下，更是加分！ 】
• 對文字敏銳，能撰寫清晰、有溫度且具品牌感的客服回覆。
• 對餐廚、家電、3C 等產品有興趣，能同理消費者使用情境與需求。
• 喜歡學習新工具，對最新 AI 趨勢與客服相關系統保持好奇與應用能力。
• 熟悉 LINE 官方帳號、Facebook 粉專後台等客服工具操作。
• 具電商後台操作經驗（蝦皮、momo、Shopify 等）或瞭解訂單／出貨全流程。
• 曾任 D2C 電商品牌客服、社群編輯或電商營運相關職務。
• 曾建立客服話術、FAQ、教學教材，或能進行簡單圖文編排與資訊整理。",https://www.104.com.tw/job/8jbzk
行銷,行政出納專員,好樂整合行銷股份有限公司,廣告行銷公關業,未知,0035000,0038000,月薪,台北市信義區,基隆路一段432號4樓之1,部分遠端,專科,1年以上,,00007,2026-01-02,"你是否具備細心謹慎的特質，並對數字管理有敏銳度？ 
是否渴望在穩定成長的環境中，學習紮實的財務基礎技能？ 
作為出納助理，將負責公司日常出納事務，包含日常付款、請款報銷、應收應付等，並協助會計專員進行相關帳務作業，確保公司資金運作順暢及帳務紀錄準確！ 

我們重視細心、負責、具備良好組織能力的人才，若您對於在一個創意導向的工作環境中，發揮財務專業所長感到興趣，歡迎您加入，一同打造穩健的財務基礎！


【工作內容】

　➤日常出納作業與付款執行：
　　－付款作業： 依據付款申請單及相關憑證，執行各項日常付款作業，
　　　　　　　　 包含第三方支出、辦公室費用、零用金、雜項採買等支出
　　－員工請款報銷作業： 協助員工處理差旅費、餐費、交際費等各項費用報銷申請，
　　　　　　　　　　　　 核對報銷單據之正確性與完整性
　　－匯款作業： 負責銀行線上及線下匯款作業
　　－銀行往來： 處理銀行帳戶相關事務、定存作業

　➤應收應付帳務管理：
        －應收帳款帳務作業
           －服務客戶：協助會計專員資料整理、單據歸檔、請款發票開立作業
           －第三單位：協助會計專員處理廠商發票核對、付款安排等作業
        －應收應付帳款系統登記： 負責應收應付帳款登錄與建檔
        －應付帳款進度管理： 追蹤、更新應付帳款付款狀態

　➤金流登記與報表製作：
        －現金收支表： 登記、建檔、核對

【必備條件】
　➤一至以上出納或相關會計助理工作經驗
　➤熟悉辦公室軟體操作
　➤具備良好的數字敏感度與細心度
　➤具備良好的組織能力與時間管理能力
　➤具備責任感與保密意識， 能妥善處理公司財務資料

【加分條件】
　➤具備會計或金融相關證照，財務相關科系背景尤佳
　➤ERP系統操作經驗 
　➤具備新創或行銷產業出納經驗
　➤具備基礎英文能力
　➤主動積極、學習意願高",https://www.104.com.tw/job/8mipa
行銷,數位內容行銷企劃,布雷米數位媒體科技有限公司,網際網路相關業,未知,0042000,0052000,月薪,台北市信義區,基隆路二段56號10F,部分遠端,學歷不拘,3年以上,,0,2026-01-11,"論串，透過留言互動維持討論熱度，或在競品比較中強化我方優勢，將輿論導向正面發展。
*Threads 新戰場：利用 Threads 的演算法紅利，創造高擴散的短文或「廢文流」[[[行銷]]]，輔助主戰場聲量。
2. 輿情監測與危機預警
*每日監測品牌與競品在各大",https://www.104.com.tw/job/71t7e
行銷,短影音企劃執行-台中地區,肌發創意行銷有限公司,廣告行銷公關業,未知,0045000,0055000,月薪,台中市西屯區,市政北七路186號5樓之2,部分遠端,學歷不拘,經歷不拘,"大眾傳播學科類,藝術學科類",00005,2026-01-04,"1.獨立規劃與剪輯：掌握剪輯節奏與畫面美感，能獨立完成影片製作。
2.短影音創意發想：不斷優化內容，讓頻道保持活力與吸引力！
3.多元剪輯內容：包含 直播切片、流行短影音、品牌紀錄、商品口播 等不同風格。
4.團隊溝通與協作：與[[[行銷]]]企劃協調內容，",https://www.104.com.tw/job/8ngof
行銷,產品行銷資深專員 / 副理,綠藤生物科技股份有限公司,藥品／化妝品及清潔用品零售業,未知,0600000,1000000,年薪,台北市大安區,敦化南路二段77號10樓之1A,部分遠端,學歷不拘,2年以上,,00002,2026-01-06,"親愛的[[[行銷]]]人，

如果你相信，[[[行銷]]]這回事，應該真實承載產品理念與其存在的意義；如果你想一起，
透過活用各式宣傳渠道、跨部門合作與分析市場及消費者需求，有效運用[[[行銷]]]預算資源下，替綠藤產品打造具差異化的[[[行銷]]]策略與計畫，強化品牌定位與價值，讓[[[行銷]]]成為能",https://www.104.com.tw/job/8e1sg
行銷,GenAI 行銷科技實習生（中部學校遠距）,數位轉型科技有限公司,電腦軟體服務業,未知,0000196,9999999,時薪,台北市內湖區,洲子街12號2樓,完全遠端,專科,經歷不拘,,00005,2026-01-09,"的一對一指導，他們的經驗與見解將幫助你在職場上快速成長，獲得成功的關鍵。

【工作內容】
1.參與公司 AIGC 自動化工作流程規劃，協助導入 GenAI 工作流程。
2.參與國際知名品牌[[[行銷]]]專案，協助專案溝通與執行。
3,規劃專案成效數據追蹤，協",https://www.104.com.tw/job/8v6gs
行銷,網紅行銷專員,達利整合行銷有限公司,網際網路相關業,未知,0036000,0049000,月薪,高雄市新興區,中正三路55號28樓,部分遠端,高中,經歷不拘,,00011,2026-01-01,"工作內容：
＊聯繫KOL/KOC，邀約參與品牌[[[行銷]]]案件合作。
＊專案管理，包括活動時程、棚拍時程、開箱商品細節、交稿與上線時程控管、修改內容與次數、採購金額與付款時間。
＊專案執行與溝通，精確的將廣告主與KOL/KOC彼此的權利與義務彙整，說明與",https://www.104.com.tw/job/87yjs
行銷,Product Marketing Specialist (產品行銷專員),偲倢科技股份有限公司,自動控制相關業,未知,0000000,0000000,面議,台北市南港區,成功路一段32號6樓之5,部分遠端,大學,經歷不拘,"企業管理相關,市場行銷相關",00008,2026-01-09,"偲倢科技身處於 AI 產業的前沿，我們致力於協助客戶建構未來的 AI 能力基礎，你將面對工業 AI、生成式 AI 以及數位孿生這三個快速發展和變化的科技領域。
身為產品[[[行銷]]]專員，我們期許你是技術與市場之間的關鍵角色，我們不用制式的[[[行銷]]]計畫，需要的",https://www.104.com.tw/job/8wyl6
行銷,行銷企劃主管,樂奎有限公司,綜合商品批發代理業,未知,0000000,0000000,面議,台北市信義區,松德路69號2樓 (距捷運永春站350公尺),部分遠端,大學,5年以上,,00007,2026-01-07,"【主要工作內容】
- 建立與優化品牌整體策略、年度形象與成長規劃
- 規劃並追蹤社群內容方向、KOL 合作與數位廣告素材表現
- 分析市場趨勢、競品動態與用戶回饋，提出[[[行銷]]]與產品策略調整建議
- 統籌[[[行銷]]]成效報表與關鍵指標追蹤，提供經營決策依據",https://www.104.com.tw/job/8jw71
行銷,【廣代/公關轉職】商務發展專員 BD｜重視提案邏輯｜底薪35K+獎金｜全新 MacBook M4,上策行銷有限公司,廣告行銷公關業,未知,0035000,0150000,月薪,台北市中山區,民生東路二段174號6樓,部分遠端,大學,1年以上,,00003,2026-01-08,"【歡迎在職者投遞，可年後/領完年終後報到】

你是否厭倦了在代理商沒日沒夜地加班，卻只領著固定的死薪水？
我們懂你的價值。你擁有的「企劃邏輯」與「提案能力」，不該只是服務客戶的工具，而是讓你創造高收入的武器。

上策[[[行銷]]]正在尋找擁有 Agency",https://www.104.com.tw/job/8xc9m
行銷,(部分遠端)品牌電商行銷助理,模法雲端行銷股份有限公司,網際網路相關業,未知,0033000,0040000,月薪,桃園市桃園區,中山路511號8樓,部分遠端,專科,1年以上,,00009,2026-01-09,"1.熱愛編寫文章、分享有趣的事務。
2.創意發想、網路/實體[[[行銷]]]活動企劃。
3.須與廠商互動協調，具備優質的溝通能力。
4.具備企圖心跟執行能力。
5.協助[[[行銷]]]企劃相關事宜。
6.對FACEBOOK以及部落格.KOL 操作有實務經驗。
7.熟悉電",https://www.104.com.tw/job/8wgs5
行銷,課程行銷總監/經理,圈圈宜國際有限公司,廣播電視節目供應業,未知,0045000,0080000,月薪,台北市大安區,工作地點多元化，不需要天天進公司,部分遠端,專科,1年以上,,00001,2025-12-09,"

⸻

【工作內容】
	1.	[[[行銷]]]策略規劃：制定線上課程品牌定位、招生推廣計劃與[[[行銷]]]活動
	2.	會員經營：活化既有上萬名會員的學習動能，提升續購率、互動率與口碑傳播
	3.	新客開發：規劃並執行各式數位[[[行銷]]]專案（廣告投放、SEO",https://www.104.com.tw/job/72dw3
行銷,Marketing Manager 行銷經理,BookFast POS_新儀科技股份有限公司,網際網路相關業,未知,0000000,0000000,面議,台北市松山區,南京東路三段287號6樓,部分遠端,大學,經歷不拘,,00002,2025-09-30,"Pulse Gym』等。

在持續前進的階段，我們期待找到一位企圖心強的[[[行銷]]]經理，我們期望你樂於破解數字中的蛛絲馬跡、並將其轉化成獨特的洞察。
你將有機會獨立帶領及建立[[[行銷]]]團隊，並跨部門與產品[[[行銷]]]團隊和商務團隊的夥伴共同推進市場商業策略、追蹤成效與後續優化",https://www.104.com.tw/job/7ydbs
行銷,品牌行銷與募款專員,社團法人全球小紅帽協會,社會福利服務業,未知,0037000,9999999,月薪,台北市大同區,大同區重慶北路三段335巷40號,部分遠端,高中以下,2年以上,,00001,2025-12-10,"threads等）30%
- 倡議行動[[[行銷]]]企劃發想與協作 10%
- 社群[[[行銷]]]策略規劃與成效分析 10%
- 國內外媒體及社群輿情搜集與動向分析 5%

[不定期項目]
- 對外分享組織行動成果與理念、演講活動接洽 
- 媒體關係維繫、記者會策劃與活動新聞稿",https://www.104.com.tw/job/8wi9k
行銷,LINE@行銷人員,臣邑移民服務股份有限公司,工商顧問服務業,未知,0000000,0000000,面議,台北市信義區,,部分遠端,專科,3年以上,,00003,2026-01-03,"【官方LINE@帳號經營】
1. 排程規劃line圖文選單/圖文訊息推播構想、設計監製，符合品牌TA使用習慣。
2. 重新規劃加入好友歡迎訊息，將新客戶快速貼標籤。
3. 觀察客服與客戶對話內容，設計關鍵字自動化回覆以降低客服負擔。
4. 依據客戶回覆內容設定自動化貼標籤，以有效提高推播效益。
5. 分析後台數據提升轉單效益、規劃自動回應訊息以提升自動轉單效益。",https://www.104.com.tw/job/8wqch
行銷,廣告行銷專員(可年後報到),居家先生股份有限公司,建材／傢俱零售業,未知,0034000,0042000,月薪,新北市新莊區,榮華路二段125號4樓,部分遠端,高中,1年以上,,00005,2026-01-05," Google)，監測成效並優化內容策略
(2)Facebook / Google 廣告投放與數據分析，確保預算運用最佳化
(3)獨立撰寫文案、發想創意內容，掌握專案進度，確保[[[行銷]]]目標達成
(4)跨部門專案協作，共同打造具市場影響力的[[[行銷]]]企劃

▲加入我",https://www.104.com.tw/job/8urua
行銷,行銷美編企劃（外縣市可）,全域科技有限公司,電腦系統整合服務業,未知,0029500,0036000,月薪,台中市中區,綠川西街135號12樓之1,部分遠端,高中,經歷不拘,,00005,2025-12-24,"[[[行銷]]]美編企劃
1、[[[行銷]]]企劃案撰寫。
2、規劃課程活動內容、服務，並定期更新、維護及管理。
3、協助活動內容招募（招生）、提案與執行。
4、負責美(小)編FB、LINE電子報、EDM設計及各種宣傳文案的設計、製作。
5、社群網站，粉絲團小編、客服等",https://www.104.com.tw/job/8ja0v
行銷,網路行銷專員(底薪:5萬起 非台北縣市可在家上班+0加班),戰國策網路科技股份有限公司,網際網路相關業,未知,0050000,0100000,月薪,台北市信義區,松德路159號13樓,完全遠端,大學,經歷不拘,,00003,2026-01-07,"日（[[[行銷]]]業務部）
我們深信效率優於工時，自2015年起推動「週休三日績效制度」，拒絕過勞文化，實施六點準時下班、非上班時間主管不打擾原則，讓你可以平衡工作與生活，專注成長，也能好好陪伴家人，實現生活的幸福感。

三、完整培訓體系，發揮職涯潛能
戰國",https://www.104.com.tw/job/7ygce
行銷,行銷經理 - 科技產品線,一起實驗股份有限公司,廣告行銷公關業,未知,0500000,0700000,年薪,新北市三重區,新北市三重區光復路一段61巷26號,部分遠端,學歷不拘,2年以上,,00001,2026-01-05,"理品牌業務的擴張，我們正在尋找一位對「創新科技」充滿熱情的科技產品[[[行銷]]]經理。

你將負責最具創造力的產品線—包含 3D 列印、雷射雕刻機、CNC 等協助人們實現創意的
Maker 產品，成為該產品線的「品牌操盤手」。

你將從 0 到 1 打造科技",https://www.104.com.tw/job/8wwo4
行銷,數位行銷專案執行 Digital Project Executive,群巢數位行銷有限公司,廣告行銷公關業,未知,0000000,0000000,面議,新北市新莊區,中原路333號6樓,部分遠端,專科,1年以上,,00004,2026-01-08,"網紅[[[行銷]]]專案執行（KOL / KOC Marketing）
- 依品牌需求與調性，媒合合適的 YouTube、Instagram、TikTok 創作者（KOL／KOC）
- 協助規劃內容切角、撰寫與溝通合作 Brief
- 審核網紅腳本、影片與圖",https://www.104.com.tw/job/8wskg
行銷,社群內容行銷企劃 專員/主任,達特艾立股份有限公司,工商顧問服務業,未知,0480000,0960000,年薪,台北市大同區,承德路三段68號3樓,部分遠端,學歷不拘,2年以上,,00005,2026-01-09,"．管理與操作社群平台前後台、管理貼文、內容策略、品牌人設、廣告投放等相關成效。
．建立內容策略與架構，協助審核與上架內容，配合品牌人設、節慶、季節、醫療趨勢等主題與檔期切角，建立內容行事曆與策略規劃。
．利用分析工具監測內容[[[行銷]]]活動的成效，包括網",https://www.104.com.tw/job/8lzzr
行銷,流量成長專員,威貝爾行易通有限公司,綜合商品批發代理業,未知,0036000,0055000,月薪,高雄市鼓山區,,完全遠端,專科,經歷不拘,"企業管理相關,市場行銷相關",00007,2025-12-04," pages or brand pages.
    • 執行 SEO、內容[[[行銷]]]、話題切入、Hashtag 策略等成長活動
    Execute SEO, content marketing, trend-based campaigns, and",https://www.104.com.tw/job/8wb8d
產品經理,產品經理 Product Manager,水星數位科技有限公司,廣告行銷公關業,未知,0050000,9999999,月薪,台北市內湖區,瑞光路258巷2號八樓之4,部分遠端,大學,3年以上,,00005,2025-12-10," UX 改善建議

。輕量 BD 與客戶成功：	參與重點客戶 Demo／教育訓練，蒐集需求回饋；支援業務提案、撰寫產品白皮書或案例內容


必備條件
。3 年以上 SaaS／MarTech／電商相關[[[產品經理]]]經驗
。熟悉 GA4 與 BigQuery，",https://www.104.com.tw/job/8qslj
產品經理,Product Manager / 產品經理 - Marketplace,Pinkoi_香港商果翼科技股份有限公司台灣分公司,其它軟體及網路相關業,未知,0000000,0000000,面議,台北市大同區,承德路三段 285 之 2 號,部分遠端,專科,2年以上,,00006,2026-01-05,"洞察轉化為產品價值。

【你需要負責的工作】
・與[[[產品經理]]][[[主管]]]合作，討論與制定產品路線圖以及專案規劃。
・與設計師、工程師、商業團隊協作，規劃並迭代 Pinkoi 平台上包含買家端與設計館端功能。
・分析現有電商平台的瀏覽體驗（包含網頁以及 App",https://www.104.com.tw/job/8rrj3
產品經理,產品經理 Product Manager - Cloud,智星網路科技有限公司,電腦軟體服務業,未知,0000000,0000000,面議,台北市信義區,松仁路89號,部分遠端,專科,1年以上,"資訊管理相關,資訊工程相關,市場行銷相關",00001,2026-01-09,"◉ 關於本職缺
雲端[[[產品經理]]]，你將成為公司雲端運營的核心角色，全面參與多雲平台的管理與優化，確保服務穩定高效。你不僅會與各大雲服務商保持緊密合作，及時掌握最新的雲端技術動態，還能與業務與技術團隊攜手推動 AI 與 AIGC 的應用落地，在快速發展",https://www.104.com.tw/job/8teif
產品經理,資深產品經理 Senior Product Manager,拓荒數碼科技股份有限公司,電腦軟體服務業,未知,0000000,0000000,面議,台北市大安區,敦化南路二段38號4樓之1,部分遠端,大學,3年以上,,00007,2025-12-31," ，明確化產品開發需求，並與設計師和工程師進行良好的溝通。

#What do You need?

必要
- 3 年以上軟體[[[產品經理]]]工作經驗，對區塊鏈金融有強烈興趣
- 具備從 0 到 1 打造產品的經驗，曾獨立 Own 一條產品線，能推動項目落",https://www.104.com.tw/job/89vht
產品經理,產品經理 - Product Manager,巴涼科技股份有限公司,自動控制相關業,未知,0045000,0090000,月薪,台北市南港區,忠孝東路六段6號8樓之8,部分遠端,高中,經歷不拘,,00008,2026-01-07,"＃工作內容

此職位將協助產品團隊確保產品功能完善、體驗順暢，並參與新功能從規劃、測試到交付的各階段。

工作內容可能包含：

支援產品流程優化、提出具體建議
協助產品功能測試與紀錄（ex: 操作流程、回報異常、追蹤修正狀況）
協助整理使用者回饋，並追蹤執行狀況
撰寫或更新操作文件與 FAQ
若有興趣與能力，也可協助 wireframe 或前期使用者研究資料整理
這個角色適合想了解產品開發流程、又願意深入系統細節的人。

＃為何我們值得加入

產品已落地應用，你會直接看到自己協助的功能被使用者採用
團隊小、變動快，實習期間會有高度參與感，並接觸真實問題與討論
實際了解一個 ＡAI SaaS 產品從設計、測試到交付的全流程
我們鼓勵實習生提出想法，並提供實驗與實踐的空間
未來若配合良好，有轉正或長期合作機會

＃＃職務需求
＃必要條件

細心、有紀律、能追蹤進度並主動回報
基本的需求分析與強大的解決問題能力（發現、修正問題）
喜歡從使用者角度看事情，有邏輯並能清楚表達
對產品設計、流程優化、SaaS 工具有興趣
每週能配合 3 天以上工作時間（可部分遠端）

＃加分條件

喜歡跟 AI 溝通
使用過 Notion、Postman、Figma、或其他協作工具
有撰寫過使用者文件、專案報告或任何系統說明的經驗
若會 Python/JS 或有任何 side project 可展示，請務必附上
熟悉 SaaS 或 B2B 產品者加分，對製造業有了解者另加分

＃我們看重的價值

能適應快速的工作節奏
負責任，有獨立完成專案的能力
表達精確，以邏輯/數據/事實與大家溝通

＃工作環境

工作地點：台北市 捷運藍線後山埤站走路 1 分鐘
自由度高，在不需使用公司設備的時間可遠端工作。
每月全額補助購買一本書
不定期員工聚餐

有意應徵者請留意下方＃聯絡方式",https://www.104.com.tw/job/816zi
產品經理,產品經理 Product Manager,創順科技有限公司,其它軟體及網路相關業,未知,0050000,0080000,月薪,台北市內湖區,"瑞光路266號,268號6樓",部分遠端,大學,經歷不拘,,00011,2026-01-05,"Working as a Product Manager at UNNO Technology means taking ownership of product value from ideation to delivery.
We value structured thinking, strong execution, and the ability to balance business goals, user needs, and technical feasibility.
We are looking for a Product Manager who can clearly define requirements, drive cross-functional collaboration, and continuously optimize products based on data and market insights.


【 主要職責｜Responsibilities 】

．參與產品策略與需求規劃，整合商業目標、使用者需求與市場資訊，定義清晰可執行的產品方向。
．撰寫與維護產品需求文件（PRD），明確定義功能範圍、使用情境、流程與驗收標準。
．跨部門協作（Engineering / QA / Design / Business），協調資源與時程，確保產品按計畫交付。
．主導產品開發流程，持續優化工作流程與溝通效率，確保團隊穩定輸出高品質成果。
．蒐集與分析產品數據與競品資訊，與團隊討論並提出具可行性的產品優化與成長策略。

．Plan favorable business strategies according to different products, Integrate and analyze relevant information to design product requirements.
．Write Product Requirement Document, Integrate cross-departmental resources according to the actual situation and arrange the project schedule.
．Lead the product development process, facilitate any workflow that benefits output, keep the team able to consistently deliver high-quality results.
．Continuously collect and analyze data of competing products, discuss with the development team and propose highly feasible improvement strategies.


【 必備條件｜Must to have 】

．具備良好的邏輯思維能力，能梳理並拆解複雜的產品需求，整合相關資訊，並在跨部門溝通時清楚表達需求內容。
．具備網路產品的實務經驗，能依據使用者需求與行為習慣，設計或優化既有產品功能。
．能因應現有市場的變化與需求，保持開放心態，並提出對產品與團隊有助益的專業建議。
．熟悉軟體產品的開發流程與週期。

．Logical thinking ability to sort out complex product requirements, able to integrate relevant information and express requirements clearly when communicating across departments.
．Have practical experience in Internet products, and be able to design or optimize existing products based on user needs and behavior habits.
．Be able to keep an open mind following the changes and requirements of the existing market, and put forward professional opinions that are beneficial to the product and the team.
．Familiar with software product development cycle and process.


【 加分項目｜Nice to have 】

．具備軟體工程或 UX 設計相關背景。
．熟悉一種以上數據分析工具，能進行基本數據解讀與產品決策支援。

．Have a background in software development or UX.
．Familiar with more than one data analysis tool.


【 我們期待合作的夥伴具備｜We’d love to cooperate with candidates who have 】

．具備良好的團隊合作精神，能與不同職能角色高效協作。
．自我驅動、行動力強，對成果與產品價值負責。
．對軟體產品與技術充滿熱情，樂於持續學習與精進。
．具備問題解決能力，能從定義問題、分析資料到實際落地執行。
．心態開放且具韌性，能適應快速變動的產品與市場環境。

．Great team players with good communication skill across various teams.
．Self-motivated with strong propensity for action and continuous improvement.
．Passion about software development.
．Problem solving skills, such as problem definition, data analysis, creative thinking, evaluation of parties, and the ability to effectively implement strategies.
．Open and resilient mind, able to adapt to rapidly changing environment.",https://www.104.com.tw/job/7yhas
產品經理,產品經理 Product Manager 台北或桃園（初期遠端）,阿蒂瑪有限公司,廣告行銷公關業,未知,0060000,0100000,月薪,桃園市桃園區,新埔六街77號,部分遠端,專科,2年以上,,00002,2026-01-08,"職位說明：
我們正在尋找一位具備策略視野與市場敏銳度的[[[產品經理]]]，專注於產品前期規劃、競品研究與商業模式探索。此職位將與產品團隊及開發部門密切合作，協助定義產品方向與核心價值，並將想法轉化為具體的產品藍圖。

本角色聚焦於前期策略與構思工作，並可根",https://www.104.com.tw/job/8qfzz
產品經理,Product Manager / 產品經理 - SaaS,Pinkoi_香港商果翼科技股份有限公司台灣分公司,其它軟體及網路相關業,未知,0000000,0000000,面議,台北市大同區,承德路三段 285 之 2 號,部分遠端,專科,2年以上,,00005,2026-01-05,"計師、工程師、產品行銷與客服團隊緊密協作，從 1 → 100 打造快速成長的產品、制定產品路線圖，並以用戶數與續訂率為核心指標，持續驗證假設、迭代功能，讓 Pinzap 被更多品牌理解並採用。


【你需要負責的工作】
・和[[[產品經理]]][[[主管]]]與團隊夥伴協",https://www.104.com.tw/job/8rrin
產品經理,★日本工作機會★ 數位醫療資深產品經理｜Sr. Product Manager (Based in Japan Office),英屬開曼群島商慧康生活科技股份有限公司台灣分公司,其它軟體及網路相關業,未知,0000000,0000000,面議,日本,東京都,部分遠端,大學,3年以上,,00001,2026-01-03,"【私たちについて：医療×テクノロジー】

私たちは2018年2月に日本法人を設立し、台湾発のデジタルヘルススタートアップとして、糖尿病および慢性疾患に特化したデジタルセラピューティクス（Digital Therapeutics）およびパーソナルヘルスレコード（PHR）サービスを展開しています。現在は、大手製薬会社、食品会社、保険会社、健康保険組合などと連携しながら事業を拡大しています。

現在、世界中で150万人以上のユーザーを有しており、サノフィ、ノボノルディスク、CGM（連続血糖モニタリング）企業であるアボット、保険会社のSOMPOひまわり生命など、世界をリードするパートナー企業と提携しています。

また、日本国内では健保組合や調剤薬局向けにもデジタルケアサービスを提供し、今後は腎疾患、心疾患など新たな事業領域にも積極的に進出していく予定です。

現在、日本チームは拡大と組織強化の重要なフェーズを迎えており、スタートアップでの挑戦意欲を持つ精鋭の皆様の参画をお待ちしております。共に事業拡大を推進しましょう！

【主な職務内容】

健保組合の加入者、健康指導員、運営担当者からのユーザー調査と要件収集を主導する
プロダクト要件定義書（PRD）やユーザーストーリーを作成し、明確な機能範囲を定義する
現状の業務フローと、目指すべき業務フローを設計・最適化し、デジタル化を支援する
MVP機能を定義し、エンジニアチームと連携して開発・リリースを推進する
システムテスト、UAT（ユーザー受け入れテスト）、導入計画を調整・実施する
会員管理、健診管理、個別支援管理、通知センターなどのモジュールを企画・優先順位付けする
社内と日本の外部ステークホルダーとの主なコミュニケーション窓口として対応する
プロジェクトの進捗、リスク、ユーザーからのフィードバックを定期的に経営層へ報告する

【必須条件】
プロダクトマネージャーまたはシステムアナリストとしての実務経験3年以上
部門横断的にニーズ把握を手動しプロダクト要件に落とし込む能力とその実績
PRD作成およびユーザーストーリーのドキュメント作成に関する豊富な経験
エンジニアリングチームや運用チームとの、高いコミュニケーションスキルや調整能力
日本語でのビジネス会話が可能であること
中国語または英語での業務遂行が可能なこと

【歓迎条件】
Figmaを用いたワイヤーフレーム作成やデザインチームとの協働経験
医療、保険、健康推進に関連する業界での経験
マイナンバーやe-Govなど、日本の行政関連システムに関わった経験
APIベースのシステム設計やデータスキーマ設計に関する理解

【労働条件】

〔雇用形態〕
・正社員　※試用期間 有り （3ヵ月 ）

〔勤務地〕
・本社：東京都千代田区神田須田町
&lt;アクセス&gt;
・JR/TX秋葉原駅（徒歩4分）
・地下鉄神田駅（徒歩4分）
・地下鉄岩本町駅（徒歩4分）

〔就業時間〕
・始業 9時　～　終業 18時（休憩1時間）
　※時差出勤（8時～10時迄の間に出社）　
　※残業は現状、月10～20時間程度です。

〔休日・休暇〕
・年間休日 123 日
・有給休暇 初年度10日（7か月目～）
・完全週休二日制、土日祝、年末年始

〔賞与・インセンティブ等〕
・賞与：業績による

〔交通費〕
・全額支給（上限有）

〔社会保険〕
・健康保険 厚生年金 雇用保険 労災保険

〔転勤〕
・無し

〔受動喫煙対策〕
・就業場所 全面禁煙

【このポジションの魅力】

◆外資系スタートアップの日本法人立ち上げ・拡大フェーズにおいて、大きな裁量を持って人事・組織づくりに挑戦できます。

◆台湾本社や海外チームと密に連携しながら、クロスボーダーな環境で成長するチャンスがあります。

◆フレックスタイム制度（8時〜10時の間に出社）、週1回のリモートワーク、自由席制を導入した神田オフィスで勤務いただきます。

◆フラットな組織文化のもと、若手メンバーも多く、質問や意見交換がしやすい環境が整っています。

◆若手からシニア層まで幅広いメンバーが活躍しており、医療業界に限らず、さまざまな業界・企業から当社のビジョンに共感したメンバーが集まっています。

私たちは、多数の企業と協業しながら、医療業界に新たな風を起こすべくさまざまなプロジェクトを推進しています。
 ※今後は、糖尿病領域で得た知見を活かし、新たな事業領域にも展開予定です。

◆生活習慣管理アプリの開発・運用
 糖尿病患者を主な対象としたアプリを提供。食事・血糖・血圧・体重・運動・睡眠の記録が可能で、CGMやFitbitとの連携により詳細なデータ管理を実現しています。
 さらに、医療機関向けの患者管理プラットフォームも構築し、医療従事者による一元管理を支援。最近では、ECサイトの開設も進めています。
 ※当社はアジアで唯一、CGM開発企業とサーバー連携しています。

◆糖尿病重症化予防プログラムの構築
 大手健康保険組合向けに、CGMと連携した国内初の「糖尿病重症化予防プログラム」および「生活習慣改善プログラム」を提供。慢性疾患の重症化を未然に防ぐ仕組みを構築しています。

◆大手調剤薬局とのビジネス連携
 薬剤費の課題に着目し、生活習慣病患者の服薬指導をアプリ上で支援する仕組みを開発。大手薬局への導入が進行中で、今後本格展開を予定しています。
 オンライン処方の解禁に伴い、薬剤師による残薬管理のデジタル化も推進しています。

◆その他保険会社との連携
 複数の生命保険会社と連携し、被保険者向けにシンクヘルスアプリを活用した健康増進プログラムを展開しています。",https://www.104.com.tw/job/8rvf7
產品經理,資深產品經理 Senior Product Manager,聖勝科技有限公司,其它軟體及網路相關業,未知,0000000,0000000,面議,台北市內湖區,內湖路一段246號6樓,部分遠端,大學,5年以上,,00004,2026-01-05,"1. 制定產品策略與發展藍圖，深入分析使用者需求，規劃並設計產品功能與流程。
2. 負責從產品構想到上線的整體專案推進，跨部門協調研發、設計、測試與營運團隊，確保專案如期且高品質交付。
3. 透過數據分析持續監控產品表現，進行使用者體驗與功能優化。
4. 整合跨部門資源，定期向管理團隊彙報產品進度與成果，確保產品目標順利達成。",https://www.104.com.tw/job/8ovca
產品經理,【資深軟體產品經理】Sr. Software Product Manager,POSITIVE GRID_佳格數位科技有限公司,電腦軟體服務業,未知,0000000,0000000,面議,台北市中山區,長春路 176 號 11 樓,部分遠端,大學,7年以上,,00006,2026-01-05,"Positive Grid is revolutionizing the world of music technology by blending hardware and software into seamless, next-gen smart products. We are committed to enhancing the way musicians create, share, and interact with music by offering innovative, user-focused solutions. Our products, like Spark and BIAS, connect users across devices and platforms, building a community around music creation.

As a Sr. Software Product Manager at Positive Grid, you will be at the helm of our software strategy, leading cross-functional teams to deliver groundbreaking music tech solutions. This is a pivotal role focused on transforming technical innovations into compelling user experiences, shaping the future of music technology. You will work closely with engineering, design, and marketing teams to create and refine software that powers our smart hardware ecosystem, ensuring that our products not only meet but exceed user expectations.

Key Responsibilities
●	Strategic Product Leadership: Own and drive the software product strategy from ideation through launch, aligning with Positive Grid’s mission to accelerate the guitar world’s transition to smart, interconnected music tools.
●	Cross-functional Collaboration: Partner with hardware, mobile, and AI teams to create integrated product experiences. Collaborate closely with R&amp;D, QA, and support teams to ensure seamless execution of the product roadmap.
●	Customer-Centric Product Development: Continuously engage with users to gather insights and feedback, shaping the product vision to ensure our solutions address real-world needs and enhance the user experience.
●	Roadmap Planning &amp; Execution: Translate company objectives into detailed, executable product plans. Design and maintain a product roadmap that delivers innovative solutions while meeting market demands and customer expectations.
●	Data-Driven Decision Making: Leverage data and user research to make informed product decisions. Regularly assess product performance, iterating as needed to ensure ongoing market relevance and user engagement.
●	Innovation &amp; MVP Focus: Champion the creation of Minimum Viable Products (MVPs) to deliver early value, test market fit, and reduce product risk. Drive iteration and feature enhancement based on real-time customer feedback.
●	Team Leadership &amp; Growth: Manage, mentor, and grow a team of software engineers, fostering a collaborative environment that encourages innovation and problem-solving.
",https://www.104.com.tw/job/8i3dc
產品經理,AI 產品經理,塞特知識股份有限公司,其他教育服務業,未知,0000000,0000000,面議,新北市中和區,橋和路15號9樓,部分遠端,專科,2年以上,,00010,2026-01-05,"我們正在尋找一位具備洞察力與策略思維的 AI [[[產品經理]]]，帶領團隊探索 AI 在產品與流程中的創新應用。你將成為 AI 導入的關鍵推手，從需求定義到落地執行，全程參與並驅動產品智能化升級。

【職務內容】
觀察並分析各部門及產品流程，找出可導入",https://www.104.com.tw/job/8vgyw
產品經理,【產品經理】Product Manager,索尼斯科技有限公司,電腦軟體服務業,未知,0000000,0000000,面議,台北市信義區,,部分遠端,大學,3年以上,,00011,2026-01-05,"於產品
- 處理[[[主管]]]交辦事項",https://www.104.com.tw/job/8vmrw
產品經理,產品經理 Product Manager,智星網路科技有限公司,電腦軟體服務業,未知,0000000,0000000,面議,台北市信義區,松仁路89號,部分遠端,專科,3年以上,"資訊管理相關,資訊工程相關,市場行銷相關",00007,2026-01-09,"。
★ 支持銷售[[[經理]]]售賣相關產品，必要時需協同銷售[[[經理]]]拜訪客戶、提供產品相關的顧問諮詢服務，蒐集、分析並過濾客戶需求，藉此協助優化產品競爭力並提升銷售額。
★負責創建、管理、維護最新的銷售指南、流程指南、供應商定價模板、最新優惠方案等，優化產品銷售",https://www.104.com.tw/job/81w9a
產品經理,AI能源管理產品經理（台北）,博世科智能股份有限公司,其他電信及通訊相關業,未知,0000000,0000000,面議,台北市大同區,重慶北路二段188號4樓,部分遠端,專科,2年以上,,00003,2025-12-29,"取，願意與同事互助分享，我們誠摯歡迎你進入我們的團隊。

我們正在尋找一位具有「能源管理」或「節能系統」背景的[[[產品經理]]]，加入博世科智能團隊，一起打造台灣領先的 AI 能源管理 SaaS 平台。此職位將負責產品策略規劃、系統功能設計與跨部門協作，推動",https://www.104.com.tw/job/8v8xr
產品經理,【知識】產品設計部｜數據產品經理 Data Product Manager,PressPlay_瑞奧股份有限公司,數位內容產業,未知,0050000,0075000,月薪,台北市大同區,西寧北路62之5號2樓,部分遠端,大學,3年以上,,00003,2026-01-05,"【Who We Are】

PressPlay 為台灣第一家全方位影響力經濟集團

自2016年成立至今以「將影響力價值極大化」及「善用影響力創造各種新的商業可能」經營事業版圖，環繞人們的生活從360度各角度出發，打造各領域的影響力價值：

「娛樂」影響力價值，不僅有創作者經紀、廣告，還有社群團購、品牌聯名、知識傳遞等全面向發展。

「品牌」影響力價值，從食品出發跨足家庭及女性生活，與創作者共同打造更貼近新世代需求的產品品牌。

「知識」影響力價值，與創作者共同放大知識影響力，不僅僅是推出多元領域、多元學習形式的訂閱內容、影音課程或說書Podcast，更是一同建立創作者的知識影響力品牌。

秉持「活在變化，創造變化，成為變化」的精神，攜手創作者用影響力顛覆產業。

▶︎知識內容事業 PressPlay Academy｜PPA

致力於打造更有效率的學習服務，以付費訂閱作為起點，吸引了多元性的作者與老師駐站產出教學內容。目前擁有最豐富的老師，橫跨多種領域，包含財經、商業、生活、娛樂、語言等，也有最多元的上課方式，不論是單堂課、多堂課，還是長期訂閱、每月更新，亦或是文章、影音、直播等，所有關於知識學習相關的一切，都能在這裡滿足。

你只需追蹤老師一次，不再需要多處付費，讓學習更純粹。

如果你對於知識付費領域有熱情，歡迎你投遞履歷，成為我們的夥伴！


【What Will You Do】 

具備學習產業思維與創新獨特的產品觀點，透過從零到有的用戶行為數據追蹤能力，主動從營運與行為數據中挖掘產品優化洞見，並能自主發起數據專案，驅動商業成長。


【Responsibilities】

1. 數據基礎架構建置與管理：
  - 負責 GTM 的規劃與管理，並與工程團隊協作，佈建 web 與 App 的用戶行為追蹤。
  - 深入理解用戶行為數據，確保數據精準度。
2. 數據洞見與產品優化專案驅動：
  - 負責追蹤產品數據成效，針對產品問題與成長機會提出優化建議並協助推進產品開發。
  - 運用 BigQuery 與 MySQL 的深度整合與分析，將複雜數據轉化為清晰的決策方向。
  - 與產品、商業、工程等關鍵部門密切協作，推動數據專案落地執行，並持續追蹤與評估成效。
3. 數據產品規劃與應用：
  - 主導會員數據規劃與建置，協助建構完整的用戶視圖。
  - 負責 BI 工具，建立與維護自動化、即時性的數據報表與儀表板。


【We Want You】

▶︎ 具備 3 年以上數據產品及ToC 軟體 Web 或 App 產品經驗。
▶︎ 曾參與產品週期規劃及執行經驗，熟悉產品從 0 到上線的流程，包括分析提案、開發與測試、上線追蹤數據與優化。
▶︎ 熟悉 Google Analytics (GA4) 與 Google Tag Manager (GTM) 的規劃、操作與埋設經驗。
▶︎ 熟悉 BigQuery、MySQL 具備良好商業數據分析、數據整合的能力。
▶︎ 熟悉 Looker Studio 或其他 BI 報表工具，能從零開始建構數據儀表板。
▶︎ 有跨部門經驗，包含商業與工程單位，能清楚表達並整合需求。
▶︎ 接受並適應遠端溝通與非同步協作，主動透明同步資訊。


【Bonus】

▶︎ 對學習產業或 EdTech 領域有熱忱，理解使用者需求與學習行為。
▶︎ 有學習產業 / 電商 / 串流影音相關背景者尤佳。
▶︎ 有在小於 50 人新創團隊的工作經驗，並曾參與過敏捷開發，能快速適應並勇於提出觀點。",https://www.104.com.tw/job/8uo5w
產品經理,產品經理_Product Manager,英屬維京群島商幫你優股份有限公司台灣分公司,電腦軟體服務業,未知,0800000,1200000,年薪,台北市中正區,羅斯福路2段9號11樓之1,部分遠端,大學,2年以上,,00016,2026-01-12,"正在找尋優秀的[[[產品經理]]],和我們一起挑戰教育科技的產品市場,在產品不斷茁壯發展的過程中,能持續穩定易用。

作為 PaGamO 的[[[產品經理]]], 不只能與頂尖的工程師、設計師、資料分析師一起工作, 透過質化洞察與量化數據的分析, 深入了解不同情境下的用戶",https://www.104.com.tw/job/778vg
產品經理,【PMC】軟體產品經理 Software Product Manager,QuickClick快一點_點點全球股份有限公司,網際網路相關業,未知,0000000,0000000,面議,台北市松山區,民生東路3段107巷6號2樓,部分遠端,大學,3年以上,,00011,2026-01-06,"對於餐飲科技、美食平台有興趣的夥伴加入我們 !

【職務內容 Job Description】
在點點全球，[[[產品經理]]](Product Manager，需要兼具 Project 管理能力)主導產品從規劃、設計到上線與營運的全流程，重點在於市場洞察、",https://www.104.com.tw/job/8q6i1
產品經理,[PM] Senior Product Manager 資深產品經理,慧景科技股份有限公司,電腦軟體服務業,未知,0000000,0000000,面議,台北市中正區,南昌路二段 81 號 5 樓,部分遠端,大學,經歷不拘,,00015,2025-12-28,"市場研究、簡報與產品敘述文件，協助業務推廣與跨部門對齊。

【必要條件】
- 5+ 年以上[[[產品經理]]]經驗，且具備管理複雜產品或大型專案的經驗。
- 能獨立產出 PRD、流程圖、使用案例、產品規格並清楚拆解需求。
- 具備良好的數據分析能力，能使用資料",https://www.104.com.tw/job/8ived
產品經理,產品經理,博谷動源科技有限公司,通用機械設備製造修配業,未知,0040000,0060000,月薪,高雄市前鎮區,成功二路四號515室,部分遠端,大學,3年以上,,00002,2026-01-08,"1. 收集市場訊息，分析趨勢，研究客戶開發方向。
2. 整合開發文件、電子規格等。
3. 執行新產品開發專案之規劃、執行、設計及發展進度掌控、成本控制及結案程序。
4. 協助各部門及廠處推動專案之執行、管理、問題追蹤及解決。
5. 溝通協調跨部門問題。
6. 協助產品功能、規格、品質確認與仲裁。
7. 協調產品移轉其他廠區。
8. 執行開發階段各項會議策劃、召集、記錄及進度跟催等工作。
9. 協調新產品導入量產與上市。
10. 發展商品銷售計劃與推廣執行。
11. 進行客戶溝通及訴願處理。
",https://www.104.com.tw/job/8a9yg
產品經理,【BellWishes】3C/家電產品經理 (PM)TY,貝爾威勒電子股份有限公司,其他電子零組件相關業,未知,0050000,9999999,月薪,桃園市桃園區,中正路1071號9樓之1,部分遠端,學歷不拘,1年以上,,00003,2026-01-06,"
點
4. 進銷存管理：產銷存規劃與執行，提升迴轉速度
5. 行銷管理：依產品或服務屬性，規劃具競爭力的商業/獲利模式
6. 具有國貿相關知識或有國貿實務經驗者佳
7. [[[主管]]]交辦事項


【具競爭力的薪酬制度】
-考績特優員工提供分紅入股、考績特優",https://www.104.com.tw/job/81oxu
產品經理,"投資產品經理  Treasury Product Manager, SN &amp; SIP",星展(台灣)商業銀行股份有限公司,銀行業,未知,0000000,0000000,面議,台北市內湖區,瑞光路,部分遠端,大學,5年以上,,00002,2026-01-10,"•	Develop and execute product strategy and marketing plan and be responsible for its related deployment and implementation to deliver set targets.
•	Conduct market analysis to identify business opportunities and threats and initiate &amp; promote appropriate strategies and plan
•	Coordinate with GFM, internal departments (branches &amp; operations) and external product providers to ensure smooth and quality execution of marketing programs.
•	Support to all distribution channels in terms of product promotions, operation process, and customer communication.
•	Manage the product process cross department to ensure process is streamlined with cost efficiency and in line with operation procedure.
•	Consult with L&amp;C, RMG, CAOR, DD and all relevant departments to ensure the new product launches and marketing programs are with full compliance of external regulation and internal requirements.
•	Provide the necessary product training to frontline sales team and promote the product strategy.
",https://www.104.com.tw/job/8h185
產品經理,✤ 產品經理 (Product Manager),安永金融科技股份有限公司,電腦軟體服務業,未知,0000000,0000000,面議,台北市中山區,南京東路二段174號9樓,部分遠端,大學,3年以上,"資訊管理相關,市場行銷相關,資訊工程相關",00014,2026-01-08,"【這份工作的獨特之處】
這不是一個常規的[[[產品經理]]]職位；這是成為 GOSU 整體解決方案的產品靈魂與商業策略核心的邀請。您將加入我們的團隊，親手定義一個 No-Code/Low-Code 對話式商務平台的市場格局。您的決策不僅僅是開發一個功能，而是",https://www.104.com.tw/job/71l0z
產品經理,[PM] Junior Product Manager 產品經理,慧景科技股份有限公司,電腦軟體服務業,未知,0000000,0000000,面議,台北市中正區,南昌路二段 81 號 5 樓,部分遠端,大學,經歷不拘,,00022,2025-12-28,"
【主要任務】
在B2B商業模式中，轉化用戶需求為軟體功能/軟體產品。

【歡迎對世界充滿想法、樂於付諸實踐的你】
- B2B 軟體產品設計、制定產品需求與規格
- 競品分析、市場調研
- 產品推廣銷售策略擬定與執行
- 跨團隊溝通達成產品目標
- 有能力與意願驅動團隊成長

【必要條件】
- 充滿好奇心、勇於接受挑戰、以解決問題為導向
- 熟悉、精通 Figma, Sketch, illustrator, Photoshop, Axure 任一軟體
- 具備軟體 UI/UX 基礎，熟悉基本元件與軟體操作邏輯
- 對 IT 與軟體技術有基礎理解，可順利和團隊中不同角色對話
- 英文讀寫能力順暢

",https://www.104.com.tw/job/7si6m
產品經理,Product Manager 產品經理（餐飲 POS 軟體）,構想倉庫股份有限公司,電腦軟體服務業,未知,0070000,9999999,月薪,台北市中山區,林森北路356號6樓,部分遠端,大學,經歷不拘,,00009,2025-12-04,"工作模式 : — 部分時間在家、部分時間需到辦公室 
工作時間： 彈性工作時間，因主要客戶與團隊位於美國/墨西哥，需配合美國時段工作
職務類型： 全職

職位簡介
我們正在尋找一位主動積極、能獨立掌控產品方向與進度的[[[產品經理]]]，需負責規劃並引導新一",https://www.104.com.tw/job/8wbj7
產品經理,遊戲產品經理 Game Product Manager/ 遊戲營運專員Game Operations Specialist,阿蒂瑪有限公司,廣告行銷公關業,未知,0040000,0060000,月薪,桃園市桃園區,新埔六街77號,部分遠端,專科,經歷不拘,,00005,2026-01-08,"工作內容：
-參與手遊產品的全生命週期管理，包括開發、上線、運營與優化。
-與研發團隊密切合作，協助產品規劃、功能設計與版本管理。
-分析遊戲數據（如：DAU/ARPU/留存率/LTV等），提出營運優化建議。
-設計與執行活動、促銷方案、內容更新排程，提升用戶活躍與付費轉化。
-協助市場行銷部門制定推廣策略，提升遊戲曝光與玩家基礎。
-監控遊戲社群與用戶回饋，快速反應市場動態與玩家需求。
-撰寫產品簡報與競品分析報告，提出創新建議。


需求條件：
- 具備 2 年以上遊戲產業經驗，有手遊營運或產品管理經歷尤佳。
-熟悉遊戲常見指標與用戶行為分析，能使用 數據工具（如：Google Analytics、Firebase、Tableau、SQL 等）進行分析與洞察。
-了解遊戲玩家心理，對遊戲機制設計、商業模式、用戶留存與變現策略有一定理解。
-良好的跨部門溝通與協作能力，能與開發、行銷、客服等部門順暢配合。
-對市場趨勢敏感，熟悉東亞或全球熱門手遊生態。
-具備良好的中英文讀寫能力，能閱讀海外競品資料。

其他條件：
- 有參與過遊戲從 0 到 1 的開發或發行經驗。
-具備 SQL 撈數經驗或能撰寫簡單報表。
-熟悉遊戲內貨幣設計、商城經營或營收模型。
-有玩過多款熱門手機遊戲並能提出深入分析與見解。
-有參與 A/B 測試與用戶行為實驗的經驗。


我們提供：
- 不斷優化成長的薪酬和福利待遇。
- 充滿挑戰和成長機會的工作環境。
- 支持和鼓勵創新思維的團隊氛圍。







【Job Content】
﻿
-Participate in the full life cycle management of mobile game products, including development, launch, operation and optimization.

-Work closely with the R&amp;D team to assist in product planning, function design and version management.﻿﻿

-Analyze game data (such as DAU/ARPU/retention rate/LTV, etc.) and make operational optimization suggestions.

﻿-﻿Design and execute activities, promotion plans, and content update schedules to increase user activity and paid conversions.

-﻿Assist the marketing department to develop promotion strategies to increase game exposure and player base.


-﻿Monitor game communities and user feedback, and quickly respond to market trends and player needs.

-﻿Write product briefs and competitive product analysis reports, and make innovative suggestions.

﻿﻿

【Necessary conditions】


-﻿﻿Have more than 2 years of experience in the game industry, preferably with experience in mobile game operations or product management.

-Familiar with common game indicators and user behavior analysis, able to use data tools (such as Google Analytics, Firebase, Tableau, SQL, etc.) for analysis and insights.﻿﻿﻿
﻿
-﻿Understand the psychology of game players and have a certain understanding of game mechanism design, business model, user retention and monetization strategies.
﻿

-﻿Good cross-departmental communication and collaboration skills, able to work smoothly with development, marketing, customer service and other departments.﻿﻿﻿

-﻿Sensitive to market trends, familiar with the popular mobile game ecosystem in East Asia or the world.

-Have good Chinese and English reading and writing skills, and be able to read overseas competitive product information.

﻿﻿﻿﻿

【Additional conditions】
-Experience in developing or publishing games from 0 to 1.

﻿-Have SQL data mining experience or be able to write simple reports.

-Familiar with in-game currency design, mall operation or revenue model.

-Have played many popular mobile games and can provide in-depth analysis and insights.

﻿-Have experience in A/B testing and user behavior experiments.




 【Benefits】

﻿﻿- Competitive salary and performance bonus.

- Opportunities for career development in a dynamic industry.

- International work environment to expand global business relationships.

- Flexible work environment with the flexibility to work remotely.",https://www.104.com.tw/job/8rnnh
產品經理,產品經理,品辰科技物流股份有限公司,儲配／運輸物流業,未知,0050000,0090000,月薪,台北市中正區,南昌路二段222號12樓,部分遠端,專科,3年以上,,00008,2026-01-07,"1. 負責平台系統整合與優化(Web+App)
2. 負責各部門需求分析與訪談
3. 撰寫規劃整合流程，並確保交付品質
4. 與外部團隊接洽，探討新應用情境的可能性
5. 協調項目開發的各個階段，保證項目按時完成
6. 與客戶進行溝通協調，確保客戶滿意度
7. 制定相應的計劃和方案，掌握市場趨勢和競爭對手情況


",https://www.104.com.tw/job/89e29
產品經理,產品經理 （Product Manager）,新銳數位股份有限公司,網際網路相關業,未知,1000000,1300000,年薪,台北市信義區,基隆路一段178號5樓,部分遠端,大學,2年以上,,00018,2026-01-04,"化與挑戰，做好持續成長的準備。加入 vocus，你將與一群專業且樂於分享的夥伴共事，一起為更好的創作願景、更好的內容平台努力。

【工作內容】
作為 vocus 的[[[產品經理]]]，你將是推動 UGC 平台產品成長的關鍵力量。你會與工程團隊及設計團隊密切合",https://www.104.com.tw/job/8rmhi
產品經理,產品經理(能源產業) Product Manager (Energy Industry),BV。Bureau Veritas_法商法立德公證有限公司台灣分公司,檢測技術服務,未知,0000000,0000000,面議,台北市松山區,南京東路4段16號3樓B室,部分遠端,大學,5年以上,"電機電子工程相關,機械工程相關,環境工程相關",00008,2026-01-09,"- 創造新機會，並達成既定的個人銷售目標；
- 客戶關係管理，並進行規劃、準備、維護和評估；
- 與顧問公司和技術機構建立聯繫，在負責的範圍內獲得最佳支援；
- 掌握並觀察市場 (競爭對手、顧客需求等)，協助開發並實施促進銷售的活動；
- 協調與負責區域內客戶相關的內部和外部組織的銷售和服務活動，推廣並規劃不同類型客戶的客製化 BV 服務方案；
- 負責部門資質的維護 ;
- 公司安排的其他任務。
",https://www.104.com.tw/job/8t4kw
產品經理,Game Platform Product Manager / 產品經理,崴拓資訊有限公司,電腦軟體服務業,未知,1000000,2500000,年薪,台北市信義區,信義區松仁路100號36樓,部分遠端,高中,3年以上,,00011,2026-01-12,"軟體[[[產品經理]]] / 產品負責人相關經驗。
2. 熟悉產品開發流程，包括需求拆解、設計規格撰寫、跨部門協作與產品上線。
3. 清晰的邏輯與高效的問題分析能力。
4. 能將產品方向轉化為可執行方案並推動功能落地。
5. 熟悉敏捷開發流程（Scrum）。",https://www.104.com.tw/job/8dkta
產品經理,產品經理,恆茂有限公司,化學原料及其製品批發業,未知,0041000,0045000,月薪,台北市萬華區,開封街,完全遠端,大學,經歷不拘,"生物學相關,化學相關,農業化學相關",00002,2026-01-08,"1. 收集市場訊息，分析趨勢，研究客戶開發方向。
2. 整合開發文件、電子規格等。
3. 執行新產品開發專案之規劃、執行、設計及發展進度掌控、成本控制及結案程序。
4. 協助各部門及廠處推動專案之執行、管理、問題追蹤及解決。
5. 溝通協調跨部門問題。
6. 協助產品功能、規格、品質確認與仲裁。
7. 協調產品移轉其他廠區。
8. 執行開發階段各項會議策劃、召集、記錄及進度跟催等工作。
9. 協調新產品導入量產與上市。
10. 發展商品銷售計劃與推廣執行。
11. 進行客戶溝通及訴願處理。
12. 此工作為外勤性質。

PS. 受訓地點在台北
      工作地點在台中",https://www.104.com.tw/job/7zpnw
產品經理,資深產品經理 Senior Product Manager - AI,智星網路科技有限公司,電腦軟體服務業,未知,0000000,0000000,面議,台北市信義區,松仁路89號,部分遠端,專科,3年以上,"資訊管理相關,資訊工程相關,市場行銷相關",00010,2026-01-09,"◉關於本職缺

 【工作內容】
★ AI 產品戰略與規劃
- 制定 AI 產品戰略，識別市場機會，設計創新的 AI 驅動解決方案
- 開發 AI 產品路線圖，確保與公司整體戰略和市場需求一致
- 評估並引入先進的 AI 技術，增強現有產品組合
★ 市場與競爭分析
- 深入研究 AI 技術在雲服務、CDN 和網絡安全領域的應用趨勢
- 分析競爭對手的 AI 產品策略，識別差異化機會
- 收集和分析用戶需求，制定詳細的產品需求文檔(PRD)
★ 產品開發與管理
- 與工程團隊緊密合作，將 AI 產品概念轉化為實際解決方案
- 制定產品功能優先級，管理產品開發生命週期
- 監督產品開發進度，確保按時交付高質量產品
★ 跨部門協作
- 與銷售、市場和技術團隊協作，確保產品成功上市
- 為銷售團隊提供產品培訓，使其能夠有效推廣 AI 解決方案
- 與上游供應商建立和維護良好關係，確保產品供應鏈的穩定
★ 數據分析與優化
- 建立和監控關鍵績效指標(KPI)，評估產品表現
- 分析用戶反饋和使用數據，持續優化產品功能
- 利用數據驅動決策，提出產品改進建議

 【我們期待】
★ 在快節奏、高度跨職能的公司環境中擁有 3 年以上的工作經驗。SaaS（軟體即服務）、雲端服務、資訊安全服務等高科技產業優先。
★ 具有基本商業分析能力與戰略思維
★ 對產品行銷、市場策略等工作內容有基本認識與熱忱
★ 擁有對細節的敏銳度
★ 擅長溝通與談判
★ 高度結果導向，懂得運用定性(Qualitative) 和定量 (Quantitative) 的多維度指標來優化產品競爭力並提升產品銷售額
★ 以客觀數據為驅動，擁有批判性分析與思維能力
★ 熱愛團隊合作以及幫助他人",https://www.104.com.tw/job/8jv6l
產品經理,【知識】產品設計部｜產品經理 Product Manager,PressPlay_瑞奧股份有限公司,數位內容產業,未知,0050000,0075000,月薪,台北市大同區,西寧北路62之5號2樓,部分遠端,大學,3年以上,,00016,2026-01-05,"播等，所有關於知識學習相關的一切，都能在這裡滿足。

你只需追蹤老師一次，不再需要多處付費，讓學習更純粹。

如果你對於知識付費領域有熱情，歡迎你投遞履歷，成為我們的夥伴！


【What Will You Do】 

作為 PPA 的[[[產品經理]]]，您",https://www.104.com.tw/job/6ujxk
產品經理,"股票產品經理 Investment Product Manager - Equity/ETF, IP&amp;A, CBG",星展(台灣)商業銀行股份有限公司,銀行業,未知,0000000,0000000,面議,台北市內湖區,瑞光路333號,部分遠端,大學,5年以上,,00006,2026-01-10,"Job Description:

● Develop and manage the product strategy and roadmap for equity products within the Consumer Banking division.

● Conduct market research, competitive analysis, and customer segmentation to identify opportunities and unmet needs.

● Define and prioritize product features and functionalities based on customer needs and business objectives.

● Collaborate with cross-functional teams (technology, marketing, legal, compliance, operations) to bring new products and features to market.

● Manage the product lifecycle from ideation to launch and post-launch optimization.

● Monitor product performance, analyze key metrics, and identify areas for improvement.

● Ensure compliance with regulatory requirements and internal policies.
Stay up-to-date on industry trends and best practices.
Develop and deliver product training to internal stakeholders.",https://www.104.com.tw/job/8prcs
產品經理,D440 MyVideo 產品經理 - 流量轉換/觀看提升(可遠端工作),台灣大哥大股份有限公司,電信相關業,未知,0000000,0000000,面議,台北市信義區,,部分遠端,學歷不拘,3年以上,,00002,2026-01-06,"1.優化流量轉換與會員管理機制
-負責 MyVideo 平台的流量營運規劃與執行，提升進站流量並轉換為觀看用戶。你需要熟悉 SEO、對於流量轉換能提出策略，持續優化SEO、觀看轉換、內容引導、自動回訪等產品機制，提高觀看率
-負責註冊、登入、會員管理與溝通等機制，提升會員數與活躍度，助力平台持續成長

2.數據驅動決策與個人化推薦
-運用 AI工具與數據分析洞察使用者行為，用以優化個人化推薦、標籤分類、站內搜尋、內容曝光之精準度，目標要增加點擊率與觀看時間
-透過 A/B 測試、GA、Martech、質化訪談等方式，持續提升觀看體驗與互動機制

3.跨部門協作推動產品優化與活躍用戶成長
-與技術、設計、行銷、內容編輯進行跨團隊合作，確保流量觀看轉換與變現、會員轉換、推薦引導、SEO / 站內搜尋等產品機制高度整合，提升導流與轉換效率

【薪資待遇】月薪依能力與經歷核敘；若績效達平均水準者，年薪約77~95萬，績效優者年薪將更高。",https://www.104.com.tw/job/83p9r
產品經理,數位病理平台產品經理 (Product Manager),雲象科技股份有限公司,電腦軟體服務業,未知,0000000,0000000,面議,台北市南港區,忠孝東路7段508號15樓(近南港車站、捷運，300公尺),部分遠端,大學,2年以上,,00019,2026-01-02,"★我們正在尋找一位充滿熱情、以客戶為中心的[[[產品經理]]]，加入我們的 aetherSlide 團隊★

aetherSlide 是一個部署於醫療院所的創新型數位病理平台，旨在整合並優化病理科的診斷流程。
您將負責定義產品的未來，從整合醫院工作流程、管理",https://www.104.com.tw/job/7qlqv
產品經理,"【餐飲B2B SaaS】產品經理 Product Manager, PM (Junior/Mid Level)",食集資訊股份有限公司,網際網路相關業,未知,0050000,9999999,月薪,新北市板橋區,文化路一段145號7樓之1,部分遠端,專科,1年以上,,00020,2026-01-03,"適合的食材，讓供應商可以透過更有效的方式，接觸到更多餐廳客戶。


【職務介紹】

作為 CocoMart 團隊的[[[產品經理]]]，您將會配合公司策略目標及市場資訊，規劃產品方向；與產品開發團隊共同推動產品及功能落地；並與商務、行銷、客戶成功等各部門的協作",https://www.104.com.tw/job/8jcgi
產品經理,D636 MyVideo 產品經理-User Journey及訂閱轉換(可遠端工作),台灣大哥大股份有限公司,電信相關業,未知,0000000,0000000,面議,台北市信義區,,部分遠端,學歷不拘,3年以上,,00009,2026-01-06,"我們致力於打造足以與世界級平台並駕齊驅的影音服務，而卓越的「訂閱體驗」正是這一切的基石。我們正在尋找一位充滿熱情的[[[產品經理]]]，你將是打造無縫、順暢、讓用戶感到愉悅的訂閱旅程的關鍵推手，你的每一個決策都將直接影響數百萬用戶的體驗與公司的成長。

【工",https://www.104.com.tw/job/8nk7t
產品經理,資深產品經理 (保證年薪 1.1M - 1.68M),天瀚國際科技有限公司,其它軟體及網路相關業,未知,0078000,0120000,月薪,台北市松山區,,部分遠端,學歷不拘,3年以上,,00015,2026-01-12,"集客戶反饋，分析使用數據和進行市場研究，以支持產品決策
﻿7. 積極主動參與產品開發流程的持續優化，使團隊進步並帶來良性改變

【技能需求】
1. [[[產品經理]]] 3 年以上經歷，有遊戲網站/平台經驗優先
2. 主持大型專案經驗，能獨立管理產品的需求分析",https://www.104.com.tw/job/6vlo3
產品經理,【BellWishes】3C/家電產品經理 (PM)GS,貝爾威勒電子股份有限公司,其他電子零組件相關業,未知,0050000,9999999,月薪,桃園市龜山區,桃園區中正路1071號9樓之1,部分遠端,學歷不拘,1年以上,,00001,2026-01-12,"
點
4. 進銷存管理：產銷存規劃與執行，提升迴轉速度
5. 行銷管理：依產品或服務屬性，規劃具競爭力的商業/獲利模式
6. 具有國貿相關知識或有國貿實務經驗者佳
7. [[[主管]]]交辦事項


【具競爭力的薪酬制度】
-三節禮金禮品、婚喪喜慶補助、團體保",https://www.104.com.tw/job/88o1x
產品經理,工研院資通所_生成式AI(文字)產品經理(T301),工研院 _財團法人工業技術研究院,其他專業／科學及技術業,未知,0000000,0000000,面議,新竹縣竹東鎮,中興路四段195號,部分遠端,碩士,經歷不拘,"資訊工程相關,數學及電算機科學學科類,電機電子工程相關",00001,2026-01-09,"1.負責規劃、開發和管理生成式AI(文字相關)產品，如智慧客服、文件生成等。
2.管理產品生命周期，協調跨部門團隊合作，確保產品按時交付並達成市場目標。
",https://www.104.com.tw/job/8so25
產品經理,"基金產品經理 Investment Product Manager - Unit Trust/ Mutual Fund, IP&amp;A, CBG",星展(台灣)商業銀行股份有限公司,銀行業,未知,0000000,0000000,面議,台北市內湖區,瑞光路333號,部分遠端,大學,5年以上,,00003,2026-01-10,"
Job Overview:

● Ensure timely and accurate product management and well-launched.
● Deliver the insightful valued add to assist business for better upgrade and implementation.

Job Responsibilities：

● Drive investment product business and deliver target budget and growth
● Support team to conduct product survey, selection, launch and promotion and deliver necessary product training to the front line
● Monitoring investment product daily operation process including trouble shooting/procedure/operation/system issues and communication with internal and external counter parties.
● Project management and execution
● Coordinate a broad range of operation with related parties, including Product manager, Sales, Risk, Digi, IT and Ops to assist project development and to satisfy the expectation of customers and to ensure compliance of the Bank policy and regulation requirement.
● Work with regional project team to provide country customization requirement.
● Proactive in meeting arrangement and resource planning
● Controlling in time management and analyzing project risk
● Optimizing and improving processes and the overall approach where necessary
● Monitoring project progress and hold a regular meeting to update stakeholders.
● Review and develop product sales process to make it streamlined with cost efficiency and in line with operation procedure and complied with internal and external guideline.
● Support product managers’ marketing efforts by identifying and highlighting top performing funds or products, or researching relevant market information.
● Work with regional product for any product enhancement or new initiative project.
● Adhere to all relevant external regulatory and internal compliance requirement.

",https://www.104.com.tw/job/8t6is
產品經理,產品經理(閥件),艾福特股份有限公司,其他商品批發業,未知,0000000,0000000,面議,高雄市仁武區,仁心路252-1號,部分遠端,大學,經歷不拘,,00001,2026-01-09,"【具閥件銷售、應用、使用保養經驗10年以上】 
1. 供應商端：與供應商洽談合作內容與關係維護。 
2. 客戶端：提供客戶需求，包含產品知識、銷售、售後服務...等。
3. 市場資訊蒐集與回報。
4. 具英文溝通能力。
5. 支援業務單位至客戶端服務。
6. 非高雄居住者，先至高雄公司受訓6~9個月，之後回到居住地居家辦公。",https://www.104.com.tw/job/8pvix
產品經理,EDA軟體產品管理師,安仲科技股份有限公司,IC設計相關業,未知,0000000,0000000,面議,新竹市,慈雲路118號25樓之6,部分遠端,大學,經歷不拘,"數學及電算機科學學科類,工程學科類,商業及管理學科類",00004,2025-12-04,"與目標供研發與測試團隊做追蹤處理。
6. 其他[[[主管]]]交辦事項。
(以下擅長工具為加分項目)

軟體專案管理師在現今的科技發展中扮演著十分重要的角色，且有很大的發展前景。
此職位需要負責專案進度追蹤、需求管理、與不同團隊溝通協調等工作。
我們歡迎對專案",https://www.104.com.tw/job/8vafy
產品經理,Valortiva 高階音響產品經理 (Valortiva Hi-Fi Product Manager),大才企業股份有限公司,消費性電子產品製造業,未知,0000000,0000000,面議,台北市信義區,或桃園總公司,部分遠端,大學,5年以上,,00001,2025-12-11,"【關於 Valortiva】
為了積極推動集團的轉型，以達到永續經營之目的，大才企業集團於 2024 年成立新的高階音響品牌 Valortiva (http://www.valortiva.com)。主要針對音響與音樂愛好者提供各項高端的音響相關產品以及其他音響周邊。

 【基本職務責任】
- 0 to 1 須具備從無到有的新事業開創能力
- 產品規格與生命週期之定義與執行
- 密切監視 Hi-Fi 市場之產品現狀以及中長期趨勢
- 產品行銷策略之制定與執行
- 尋找、審核、並且管理外部第三方供應商
- 招募新事業單位所需之相關人員

【基本學經歷要求】
- 資管、工程、電腦科學、企業管理、應用數學、法律等相關科系畢業
- 5年以上消費型電子產品團隊管理經驗
- 3年以上電子相關產品開發經驗
- 必須有良好跨部門與對外溝通能力

【優先考量條件】
- 具有創業精神，並且在草創階段的新創環境任職過
- 對 Hi-Fi 有基本認識，並且有一定程度上的愛好",https://www.104.com.tw/job/8pfe3
產品經理,採購助理／產品經理助理(提供遠端工作制度),威士國際股份有限公司,光電產業,未知,0031000,0036000,月薪,新北市中和區,連城路192號4樓 ,完全遠端,專科,經歷不拘,"商業及管理學科類,英美語文相關,資訊管理相關",00010,2025-12-16,"1. 協助[[[產品經理]]] (Product Manager) 管理產品目錄與專案追蹤
2. 產品線的庫存管理
3. 需會英文書信往來
4. 需兩年以上工作經驗",https://www.104.com.tw/job/8bhaj
產品經理,"債券產品經理 Investment Product Manager - Bond/ Fixed Income, IP&amp;A, CBG",星展(台灣)商業銀行股份有限公司,銀行業,未知,0000000,0000000,面議,台北市內湖區,瑞光路333號,部分遠端,大學,5年以上,,00001,2026-01-10,"Job Description

● Develop and execute product strategy and marketing plan and be responsible for its related deployment and implementation to deliver set targets.
● Conduct market analysis to identify business opportunities and threats and initiate &amp; promote appropriate strategies and plan
● Coordinate with GFM, third parties, internal departments (branches &amp; operations) and external product providers to ensure smooth and quality execution of marketing programs.
● Support to all distribution channels in terms of product promotions, operation process, and customer communication.
● Manage the product process cross department to ensure process is streamlined with cost efficiency and in line with operation procedure.
● Consult with L&amp;C, RMG, CAOR, DD and all relevant departments to ensure the new product launches and marketing programs are with full compliance of external regulation and internal requirements.
● Provide the necessary product training to frontline sales team and promote the product strategy.
● Project management and execution
● Coordinate a broad range of operation with related parties, including Product manager, Sales, Risk, Digi, IT and Ops to assist project development and to satisfy the expectation of customers and to ensure compliance of the Bank policy and regulation requirement.
● Work with regional project team to provide country customization requirement.
● Monitoring project progress and hold a regular meeting to update stakeholders.
● Work with regional product for any product enhancement or new initiative project.
● Adhere to all relevant external regulatory and internal compliance requirement.",https://www.104.com.tw/job/8t6iu
產品經理,Product Manager 產品經理 (可遠端工作),你訂_雲仲資訊股份有限公司,電腦軟體服務業,未知,0000000,0000000,面議,新竹市,,部分遠端,大學,3年以上,,00012,2025-12-19,"職務描述
1. 調研市場型態並產出產品/專案提案報告，調整產品主要策略
2. 需求收斂與分析，並將需求轉化成可執行的內容與專案需求文件
3. 規劃產品/專案並產出產品開發規格書與開發後之產品使用手冊
4. 進行系統設計分析、資訊架構梳理
5. 領導負責之產線開發團隊與專案進度追蹤/測試
6. 執行專案風險管理整合評估、排除風險及建構緊急應變措施

職位要求
1. 具備3年以上軟體產品管理或軟體PM之工作經驗
2. 良好的溝通協調能力，整合公司內外部資源進行有效溝通，確保專案範疇可預見性
3. 邏輯清晰，面對各式需求能夠迅速收斂分析並挖掘痛點，找出最佳解決方案
4. 能夠清楚撰寫各類專案管理、系統規格文件，如果可以的話請務必附上近期的專案管理
5. 系統規格/規劃文件
6. 具團隊精神、抗壓性高，想法靈活敏銳、能獨立作業，能根據現況適時調整操作方向
7. 良好的時間管理能力，能夠執行多項任務，有需要時能迅速調整
8. 有強烈的執行力以及自我管理能力，且能根據事件優先權完成任務
9. 須提供相關作品集
",https://www.104.com.tw/job/75nbs
產品經理,PM Assistant 產品經理助理-晚班(提供遠端工作制度),威士國際股份有限公司,光電產業,未知,0045000,0050000,月薪,新北市中和區,連城路192號4樓 ,完全遠端,大學,1年以上,,00012,2025-12-16,"1. Maintain relationships with vendors in Taiwan to secure optimal support. 
2. Forecast and plan inventory with vendors. 
3. Manage on-hand inventory, address aging inventory, and expedite upcoming shipments. 
4. Develop and implement promotional and incentive programs to boost sales revenue. 
5. Generate P&amp;L reports for better product management.
6. Analyze market data to identify trends and opportunities. 
7. Create management reports and presentations. 
8. Prepare business plans with guidance from the US PM team.
",https://www.104.com.tw/job/8mdt9
產品經理,產品經理 Product Manager,數解人意科技股份有限公司,電腦軟體服務業,未知,0065000,0075000,月薪,台北市中山區,南京東路三段195號7F,部分遠端,大學,5年以上,,00041,2026-01-06,"上線的每一步都精準且卓越。
3.定義產品的成功，不僅是交付功能，更是建立並追蹤產品的核心成功指標，對產品的商業成敗直接負責。

▼打造用戶旅程與關鍵產品功能
1.和產品團隊與專案[[[經理]]]夥伴協作，將需求實際落地，並且持續迭代。
2.理解客戶在輿情以及消",https://www.104.com.tw/job/8d0ez
產品經理,統一超商產品經理(Product Manager),統一超商股份有限公司,百貨相關業,未知,0000000,0000000,面議,台北市內湖區,石潭路163號5樓,部分遠端,大學,8年以上,,00018,2026-01-12,"1.制定數位產品（網站與App等）的產品策略與功能藍圖。
2.負責網站與App等數位產品的功能設計與優化，以提升使用者體驗並進而協助達成商業目標。
3.與工程師、設計師和其他團隊成員合作，確保產品順利開發和交付。
4.定義產品開發優先順序、制定產品規格，評估開發的可行性。
5.定義關鍵數據並持續追蹤，提供以數據為導向的優化依據。
6.收集並分析市場訊息。",https://www.104.com.tw/job/85gxd
產品經理,資深產品經理 Senior Product Manager【軟體產品部】,群健科技股份有限公司,電腦軟體服務業,未知,0080000,0150000,月薪,台北市中山區,松江路363號12樓,部分遠端,大學,1年以上,,00022,2026-01-12,"謝謝你來了解我們！我們目前有約 80 萬 App 用戶，數千名營養師和健身教練、醫療人員使用的健康和醫療管理系統

我們非常重視：
1.軟體能為用戶帶來真實、長久的行為改變，幫助更多人過更健康快樂的生活
2.致力於用軟體輔助醫療及健康從業人員提升效能、擴大他們的專業影響力

如果你對這兩項重大的升級任務有熱情和專業，歡迎加入我們的行列！

工作內容
一、產品規劃與啟動：
1. 資料分析和使用者訪談
2. 衡量產品的開發資源、商業價值及影響力和風險
3. 建立產品計劃

二、產品開發執行與管理：
1. 和前後端工程師、UI/UX團隊協作
2. 進度追蹤與控制（我們走敏捷開發

三、產品開發結案與後續優化：
1. 專案交付與驗收
2. 績效評估與回顧

———

Cofit 是一間數位醫療公司，也是台灣最大的線上營養師平台，成立於 2014 年

多年來，我們一直致力於結合醫療專業和網路技術，提供線上一對一專屬營養指導服務，搭配 AI 輔助的營養分析和衛教指導，幫助人們改變習慣、吃得更健康！希望能幫助更多人改善肥胖和三高疾病的問題

Cofit 最主要的產品是 8 個禮拜的線上營養管理服務，至今有近 5 萬人付費參加（客單價: 500 ～ 2000 美金 / 每8周），用戶目前大部分在台灣，並以中文提供服務為主，不過有來自世界各地 70 個國家的付費用戶，主要位於：美國、澳洲、香港和新加坡

我們和台灣知名肥胖症醫師 - 宋晏仁醫師，共同成立的初日醫學 YouTube 頻道，致力於推廣減醣飲食和胰島素阻抗觀念，目前累積 90 萬訂閱和超過 1 億次觀看

為了幫助更多慢性病患者，我們於 2020 年成立了初日診所，至今在台灣有 5 家診所，幫助超過兩萬位肥胖、荷爾蒙失衡、三高或慢病前期患者，大幅降低用藥或甚至逆轉疾病

我們也在 2024/11 推出英文版和粵語版的線上營養指導方案、2025/5 推出純 AI 的營養分析和輕量型飲食指導，可以提供超過 20 種語言的服務、10月香港合作的醫療門診正式開始

公司創立 11 年來，因為看見用戶們顯著的改善，以及聽他們分享的喜悅和感動，讓我們堅持至今，並更加相信精準醫學和營養學的力量！

更多的資訊可以參考
1.我們 Youtube 頻道
https://www.youtube.com/@Cofit211
2.這篇我們 2024/6 發佈在 &lt;Nutrients&gt; 期刊上，根據超過一萬個付費用戶成效探討的回顧型研究
https://www.mdpi.com/2072-6643/16/14/2331

【Cofit 官網】
event.cofit.me

【診所官網】
https://events.cofit.me/genesis-16369

期待我們可能的合作，一起創造無限的可能！",https://www.104.com.tw/job/8vknx
產品經理,IC&amp;Memory&amp;Bumping半導體業務人員,Kanto-PPC _關東鑫林科技股份有限公司,化學原料製造業,未知,0000000,0000000,面議,桃園市蘆竹區,機捷路二段935巷51號 (距捷運山鼻站約230公尺),部分遠端,大學,經歷不拘,"化學相關,工程學科類",00002,2026-01-05,"1.維護客戶關係-負責IC&amp;Memory&amp;Bumping客戶服務。
2.市場資訊蒐集-掌握客戶產能及競爭者活動。
3.市場開發-開拓新產業及新客戶。
4.新產品推廣及評估follow
5.[[[主管]]]交辦事項。",https://www.104.com.tw/job/77026
產品經理,Product Manager,SoundOn_聲浪媒體科技股份有限公司,多媒體傳播相關業,未知,0000000,0000000,面議,台北市松山區,八德路四段123號5樓之4,部分遠端,大學,2年以上,,00028,2026-01-07,"1. Goodnight 交友 app 主打語音聊天、聲音直播。2015 創立至今持續受到廣大用戶喜愛，是台灣本土交友軟體始祖。
2. SoundOn Podcast hosting 服務。2019 創立至今，是全台市占率最高的託管平台。
3. YouNow 是以美國市場為主的始祖級直播平台，用戶橫跨美國、歐洲、中東市場。


【工作描述】
  • 負責 Goodnight / SoundOn / YouNow / 公司新產品的產品管理，與研發、設計協作一同打造良好的產品服務
  • 規劃產品功能、撰寫需求稿與交互流程
  • 與數據團隊合作，分析數據並提升業務指標
  • 進行競品分析、市場調查、用戶調研
  • 協助測試功能，與工程團隊完成功能上線
  • 跨部門與運營、行銷、業務合作，依需求設計功能協助業務推進


【職位需求】
  • 有 2 年以上軟體相關經驗
  • 良好的溝通能力
  • 主動積極
  • 有完整的產品開發流程經驗


",https://www.104.com.tw/job/8wpt6
產品經理,【高薪招募】房地產精英｜珠海+臺灣兩地發展｜澳門實力老闆領路｜底薪6萬起（依能力、經驗向上調整），年薪百萬是常態！,住商不動產南崁捷運加盟店_鼎賀不動產仲介經紀有限公司,不動產經營業,未知,0060000,0120000,月薪,澳門特別行政區,,部分遠端,學歷不拘,1年以上,,00001,2026-01-10,"灣業務。我們致力於打造一個高績效、高回報的頂級團隊，現誠邀一位敢於挑戰的精英加入，共同開拓事業新版圖。

⭐職位：跨境房地產置業顧問 / 高級客戶[[[經理]]] (女性1名)
⭐工作模式
· 主要base珠海，負責當地高端住宅及投資項目的銷售與市場開拓。
·",https://www.104.com.tw/job/8xe2p
產品經理,D82 自研產品PM (可遠端工作),台灣固網股份有限公司,電信相關業,未知,0036000,0053000,月薪,台北市大安區,,部分遠端,學歷不拘,2年以上,,00003,2026-01-05,"1. M+產品線經營，內容包含M+ EIM、M+ meet、M+服務圈
2. M+產品功能推進管理（product roadmap management)
3. M+產品銷售目標達成與執行規劃
4. 產品銷售績效追蹤與差異分析
5. 產品行銷推廣執行規劃


【薪資待遇】月薪36,000元~53,000元，依績效另有豐厚年終獎金。",https://www.104.com.tw/job/8rnz1
產品經理,虛擬資產交易所產品PM,台灣大哥大股份有限公司,電信相關業,未知,0000000,0000000,面議,台北市信義區,,部分遠端,學歷不拘,8年以上,,00010,2026-01-06,"1.負責虛擬資產與 Web3 相關產品的規劃、設計與執行。 
2.進行市場研究、競品分析與使用者訪談，持續依據用戶反饋或數據分析提出產品優化方案，並產出具體需求文件。 
3.與IT、設計與行銷團隊等進行溝通與協作，主導開發階段各項會議策劃、召集及進度追蹤等項目，確保需求被準確落地並按時交付。

【薪資待遇】月薪依能力與經歷核敘；若績效達平均水準者，年薪約97~127萬，績效優者年薪將更高。",https://www.104.com.tw/job/8v53h
產品經理,【步昂咖啡】咖啡烘豆師,智豆科技股份有限公司,食品什貨零售業,未知,0038000,0050000,月薪,新北市中和區,橋和路89號5樓 ( 捷運橋和站 ),部分遠端,學歷不拘,1年以上,,00003,2026-01-06,"形象呈現
參與內容製作（如社群介紹、產品故事等）

▍團隊  ▍
我們目前約是 15 人的團隊，平均年齡約 30 歲；我們有來自網路新創公司的[[[產品經理]]]、有台灣精品咖啡賽評審、也有曾經在知名連鎖咖啡店的年輕吧台手與烘焙師。

因為團隊還不大，所以大家",https://www.104.com.tw/job/7rztt
產品經理,D642 MyVideo 內容PM(可遠端工作),台灣大哥大股份有限公司,電信相關業,未知,0000000,0000000,面議,台北市信義區,,部分遠端,學歷不拘,4年以上,,00015,2026-01-06,"1.與內容授權部門共同規畫重點片單，同時與行銷團隊合作並規畫推廣重點，以提升用戶數
2.分析平台影音內容與用戶觀看行為，針對特定類別內容提出優化計畫
3.根據平台相關觀看指標，提出相關的收視提升計畫

【薪資待遇】月薪依能力與經歷核敘；若績效達平均水準者，年薪約77~95萬，績效優者年薪將更高。",https://www.104.com.tw/job/8uei4
產品經理,myfone電子商務商品資深PM,台灣大哥大股份有限公司,電信相關業,未知,0000000,0000000,面議,台北市信義區,,部分遠端,學歷不拘,4年以上,,00004,2026-01-07,"設定 
四、 跨部門溝通協調 
五、 其他[[[主管]]]交辦事項


【薪資待遇】月薪依能力與經歷核敘；若績效達平均水準者，年薪約81~108萬，績效優者年薪將更高。",https://www.104.com.tw/job/8wxbu
產品經理,產品經理【軟體產品部】,群健科技股份有限公司,電腦軟體服務業,未知,0070000,0100000,月薪,台北市中山區,松江路363號12樓,部分遠端,大學,1年以上,,00019,2026-01-12,"與回顧
3.風險管理

四、[[[主管]]]交辦事項

———

Cofit 是一間數位醫療公司，也是台灣最大的線上營養師平台，成立於 2014 年

多年來，我們一直致力於結合醫療專業和網路技術，提供線上一對一專屬營養指導服務，搭配 AI 輔助的營養分析和衛",https://www.104.com.tw/job/5p8ah
產品經理,D425 終端產品管理師(可遠端上班),台灣大哥大股份有限公司,電信相關業,未知,0036000,0047000,月薪,台北市信義區,,部分遠端,學歷不拘,1年以上,,00013,2026-01-06,"1. 終端配件商品(手機、平板、3C、物聯網、家電等)選品採購
2. 報表製作、成本控制、進銷存管理、廠商事務聯絡等相關作業
3. 商品價格系統設定與公告
4. 跨部門協調溝通及[[[主管]]]交辦事項

【薪資待遇】月薪依能力與經歷核敘約36,000~47",https://www.104.com.tw/job/8b95m
產品經理,【BellWishes】保健食品商品開發主管TY,貝爾威勒電子股份有限公司,其他電子零組件相關業,未知,0000000,0000000,面議,桃園市桃園區,中正路1071號9樓之1,部分遠端,學歷不拘,1年以上,食品營養相關,0,2026-01-06,"計、打樣測試、供應鏈協調、法規合規確保、品質管控與量產協調等。 [[[主管]]]需了解市場趨勢與客戶的目標，將其轉化為具體的產品方案，並從概念到商業化量產的各個環節進行管理與協調，最終確保產品成功上市並符合法規要求。

1.	市場與客戶需求分析
2.	產品研發",https://www.104.com.tw/job/8tyol
產品經理,產品管理經理,集時安全股份有限公司,電腦系統整合服務業,未知,0060000,0100000,月薪,台北市信義區,松山路130號7樓,完全遠端,大學,5年以上,"資訊工程相關,資訊管理相關,企業管理相關",00022,2026-01-05,"工作內容

一、主要工作項目

主動追蹤專案進度，設計各項分析公司營運的指標，確保所有專案資訊的正確性
關注市場競爭狀況，與售後服務、開發團隊及業務團隊建立有效率的溝通管道
專案若有相關需確認的合約與法律相關事項，需負責確認實務上的可執行性
售後與銷售團隊收到客戶的產品改建之建議時，需負責注意相關處理狀態
建立並維護專案文件與版本控管流程，確保團隊有一致的作業依據
注意各種公開採購系統的公告時程與處理程序，確保整體作業正確無誤
持續檢視並優化專案運作流程，提出改善建議並推動落實
協助公司推廣營運的展覽活動及經銷商獎勵計畫，內部執行或選擇外包皆可

二、加分項目

針對產品各項銷售與服務流程，建立對應的管理與改善機制
從整體專案執行項目中，評估公司產品的市場優劣勢，預估未來問題與改善建議
",https://www.104.com.tw/job/8x6j9
產品經理,【Ocard顧客經營管家】產品經理 Product Manager｜B2B SaaS 會員經營與行銷科技,Ocard_奧理科技股份有限公司,其它軟體及網路相關業,未知,0050000,0100000,月薪,台北市中山區,南京東路二段178號12樓,部分遠端,大學,3年以上,,00051,2026-01-07,"【身為Ocard的[[[產品經理]]]會是】

你將負責 Ocard 產品的全生命周期管理，深入了解 B2B 市場需求，擬定產品策略、開發管理、時程控管與跨部門團隊（工程、設計、行銷、業務、客戶成功）密切合作，確保產品持續增長，為企業客戶創造最大價值。

＝",https://www.104.com.tw/job/7sev5
產品經理,產品經理（Product Manager）｜EZTABLE 網站 / 訂位服務優化,EZTABLE_三二三網路科技股份有限公司,網際網路相關業,未知,0050000,9999999,月薪,台北市信義區,基隆路一段159號15樓,部分遠端,大學,2年以上,,00059,2026-01-02,"你將成為 EZTABLE 的[[[產品經理]]]，負責規劃與優化 EZTABLE 訂位網站、商家後台、LINE BOT、以及相關第三方串接（如金流、登入、行銷工具等）。你的任務，是讓使用者「願意訂、訂得到、還想再訂」。
___________________",https://www.104.com.tw/job/8r1n5
產品經理,產品專案助理 [日本市場] (兼職/實習),香港商串串創意有限公司台灣分公司,網際網路相關業,未知,0000200,9999999,時薪,台北市松山區,南京東路四段2號 （Taiwan Tech Arena),部分遠端,大學,經歷不拘,,0,2025-10-30,"你將協助[[[產品經理]]]或產品[[[總監]]]進行資料整理、PPT 製作及會議紀錄，這是一個深入了解產品管理運作的絕佳機會！
在這個角色中，你將學習如何支持專案的推進，並與多個團隊密切合作。

[職責]
1. 產品相關網站 / DM / 行銷貼文等日文文案確認 /",https://www.104.com.tw/job/8ik4m
產品經理,電信專案行銷人員 (可遠端工作),台灣大哥大股份有限公司,電信相關業,未知,0000000,0000000,面議,台北市信義區,,部分遠端,學歷不拘,4年以上,,00004,2026-01-06,"1.新申裝專案、電信服務規劃執行
2.數據分析、成效追蹤、行銷銷售刺激方案提出
3.競業動態追蹤及系統開發
4.異業合作洽談及跨部門協調溝通

【薪資待遇】月薪依能力與經歷核敘；若績效達平均水準者，年薪約81~108萬，績效優者年薪將更高。",https://www.104.com.tw/job/8dc7k
產品經理,"Digital Product Manager, Virtual Insurance 軟體產品經理",香港商六度科技有限公司,金融控股業,未知,0000000,0000000,面議,台北市信義區,,部分遠端,大學,經歷不拘,,0,2026-01-09,"[About OneDegree]
OneDegree is an innovative insurtech company transforming the insurance landscape through digital solutions. 
Learn more about us at OneDegree HK: https://www.onedegree.hk/zh-hk 
Explore our technical insights on our Tech Blog: https://medium.com/onedegree-tech-blog

We are seeking a motivated and curious Digital Product Manager to join our growing product team. This is an excellent opportunity for someone early in their product management journey to learn, grow, and make meaningful contributions to innovative digital products that serve our customers and partners. Working closely with senior product managers, engineers, designers, and cross-functional stakeholders, you&#039;ll gain hands-on experience in product development while helping shape the future of digital insurance solutions.

This role is perfect for recent graduates or professionals with 1-2 years of experience who are passionate about technology, customer-centric product development, and want to build a career in product management at a fast-growing fintech company.


[Key Responsibilities]
- Product Planning: Drive the entire product lifecycle from planning to tactical execution and go-to-market strategies
- Customer-Centric Development: Engage directly with customers to understand their needs and translate insights into actionable product requirements
- Data-Driven Decision Making: Conduct comprehensive analysis of use cases, competitive landscape, and industry trends to inform product features and iterations
- Cross-Functional Collaboration: Maintain daily communication with engineering teams and ensure company-wide alignment on product objectives
- Performance Optimization: Establish and strengthen feedback loops to monitor product performance and identify areas for improvement
- Market Research: Stay ahead of digital trends and competitive dynamics to position our products strategically

[A Day in the Life of Our Digital Product Manager]
Morning_
1. Daily Standup Meeting - Share yesterday&#039;s work, today&#039;s plans, and discuss any problems or blockers encountered
2. Handle Operation Issues &amp; Bug Fixes - Address operational issues and coordinate bug resolution

Afternoon_
1. Stakeholder Scoping Sessions - Participate in meetings to define better product direction with key stakeholders
2. Writing PRD Documents - Plan and draft Product Requirements Documents
3. Review QA Test Cases - Review test cases to ensure product quality standards


[Essential Qualifications]
- Experience: 1-3 years of experience successfully shipping multiple complex, high-impact digital products in innovative companies
- Technical Acumen: Strong understanding of digital product development processes and technologies
- Communication Excellence: Outstanding verbal and written communication skills in English, with exceptional ability to articulate complex concepts
- Results-Oriented: Demonstrated attention to detail with a strong focus on delivering measurable results
- Problem-Solving: Ability to navigate ambiguity and develop robust action plans for resolving customer challenges
- Curiosity: Natural inclination to ask insightful questions that drive business value

[Interview Process]
- Initial Screening: Phone interview with HR team
- Technical &amp; Behavioral: Hiring Manager interview
- Strategic Alignment: COO interview",https://www.104.com.tw/job/8sqkh
產品經理,火星生技【 TAIZAKU處 】產品PM &lt;&lt;持續擴編徵才&gt;&gt;,火星生技股份有限公司,食品什貨零售業,未知,0040000,0070000,月薪,新北市中和區,板南路669號15樓,部分遠端,學歷不拘,1年以上,,00005,2026-01-08, #行銷 #行銷企劃 #專案管理 #[[[產品經理]]] #產品管理 #專案企劃 #產品開發 #產品研發 #產品PM #專案[[[經理]]] #專案PM #產品企劃 #遠端工作,https://www.104.com.tw/job/8jwim
產品經理,業務部＿資深客戶策略經理(PM),電獺股份有限公司,網際網路相關業,未知,1000000,9999999,年薪,台北市松山區,光復北路95號7樓,部分遠端,專科,5年以上,,00004,2026-01-02,"。
3. 須具備英文或日文溝通能力，能獨立進行國際客戶的商務談判。
4. 能對 C-Level (高階[[[主管]]]) 進行有影響力的策略簡報。

※ 此職務敘薪為保障年薪制。
※ 此職務設有業績目標及相應的獎金制度。 
※ 將依照相關經歷以及面試過程評估敘",https://www.104.com.tw/job/8x51c
產品經理,專案管理經理,五倍紅寶石股份有限公司,電腦軟體服務業,未知,0040000,0060000,月薪,台北市中正區,懷寧街90號8樓,部分遠端,大學,經歷不拘,,00003,2026-01-05,"務。目前因業務擴展，正在尋找能夠帶領團隊的專案[[[經理]]]或實習生加入我們！

",https://www.104.com.tw/job/72g39
產品經理,專案管理,新橋創想影像科技股份有限公司,多媒體傳播相關業,未知,0010000,0050000,面議,台北市中正區,懷寧街35號8樓,完全遠端,學歷不拘,經歷不拘,,00002,2026-01-09,"3D數位孿生模型，用戶可以自由替換軟裝、硬裝，並直接完成線上下單。我們堅信，創造力是改變世界的核心驅動力，而你的策略與管理能力，將是我們實現這一切的關鍵！

更甚於此，身為[[[產品經理]]]，你將會是我們內部系統優化的重要推手！
你將不只管理",https://www.104.com.tw/job/8r174
產品經理,行動商務專案規劃管理師 (可遠端工作),台灣大哥大股份有限公司,電信相關業,未知,0000000,0000000,面議,台北市信義區,,部分遠端,高中,3年以上,,00002,2026-01-05," Alliance旅遊聯盟等新創服務合作案執行。
5.其他[[[主管]]]交付之任務。

【薪資待遇】月薪依能力與經歷核敘；若績效達平均水準者，年薪約77~95萬，績效優者年薪將更高。",https://www.104.com.tw/job/8u73l
產品經理,台南醫美診所 諮詢師/醫美師,曙光診所,診所,未知,0060000,9999999,月薪,台南市中西區,,部分遠端,學歷不拘,經歷不拘,,00005,2025-10-31,"歡迎資深美容師、諮詢師、[[[主管]]]職 
《努力就會看得到收穫，諮詢師平均收入10W起》

工作內容
1. VIP活動邀約與經營管理
2. 客戶服務品質維護管理
3. 執行業務推廣
4. 計劃和監督人員相關的訓練
5. 規劃、組織、指導及協調人員作業
6",https://www.104.com.tw/job/8u1go
產品經理,軟體設計開發(APP/Web) 專案經理,果思設計股份有限公司,網際網路相關業,未知,0045000,0070000,月薪,台北市松山區,南京東路四段186號7樓-3,部分遠端,大學,2年以上,,00004,2026-01-09,"果思專注於數位應用設計，以 UIUX與系統應用整合為核心服務，提供客戶友善並具真實價值的APP/網站/系統設計開發服務。

我們正在積極尋找有領導力，能帶領團隊完成任務的專案[[[經理]]]，如果你覺得軟體PM是一條你有興趣的路，喜歡創造各種不同的數位服務，",https://www.104.com.tw/job/3rs74
產品經理,D464 行動裝置周邊配件產品PM(可遠端上班),台灣大哥大股份有限公司,電信相關業,未知,0036000,0047000,月薪,台北市信義區,,部分遠端,學歷不拘,1年以上,,00008,2026-01-06,"1. 終端配件商品(穿戴裝置、殼套保貼、線材與移動電源等)選品採購 
2. 報表製作、成本控制、進銷存管理、廠商事務聯絡等相關作業 
3. 商品價格系統設定與公告 
4. 每月配件促銷與門市陳列之規畫與執行
5. 跨部門協調溝通及[[[主管]]]交辦事項",https://www.104.com.tw/job/81x5r
產品經理,創意專案經理 (PM),浪打股份有限公司,廣告行銷公關業,未知,0050000,9999999,月薪,台北市中正區,林森北路5巷12之1號1樓,部分遠端,專科,3年以上,,00006,2026-01-08,"請標明： 應徵創意專案[[[經理]]] - [你的名字] 
請在來信中，附上一份「特殊作業」：
請簡要分享一個你曾參與過的專案：
你認為它「成功」的關鍵是什麼？
如果能重來一次，你會優化哪個「流程」？
（讓我們快速了解你的價值觀與方法論。）

公司網站",https://www.104.com.tw/job/8vtsn
產品經理,品牌行銷顧問 / PM｜年薪 80–150 萬（依績效計算）,維德普數位有限公司,廣告行銷公關業,未知,0046000,0060000,月薪,台北市中山區,松江路54號10樓之2,部分遠端,專科,3年以上,,00001,2026-01-10,"
獎金：依專案量、續約計算（無上限）

【職務說明與發展】
此職務為顧問型 PM
需具備專案管理＋企劃力＋投放力
後續可晉升資深顧問/客戶[[[總監]]]

【專案管理能力】
1. 掌握時程、品質、需求
2. 控管專案內容、素材、成效
3. 產出分析報告與優化",https://www.104.com.tw/job/8w22t
產品經理,專案經理 (Project Manager),承壹資訊有限公司,網際網路相關業,未知,0000000,0000000,面議,台北市中山區,民生東路三段,部分遠端,大學,3年以上,,00003,2026-01-05,"我們是一間專注於企業雲端服務與數位轉型的技術顧問公司，
提供客製化的解決方案、資訊安全架構、混合雲整合等服務。
我們相信技術解決問題，但專案創造價值，
因此誠徵擅長管理與溝通的你，一起與我們打造高品質的交付體驗。

【工作內容】
 1.  規劃 WBS 並執行專案計畫，與客戶保持良好溝通。

 2. 處理專案執行過程中的狀況並排除問題，確保專案進度順利。

 3. 釐清問題並做出適當決策，如期達成專案目標並完成驗收結案。

 4. 主導專案建置及成本管控、時程管控、風險管理，並定期向專案相關人員匯報進度。

 5. 客戶需求分析與基礎網路架構規劃。

 6. 具獨立作業能力與團隊協作精神，良好的 EQ、溝通能力與客戶服務意識。

________________________________________

【具備能力】
需有3年以上IT資訊/網路管理的相關工作經驗
必備條件(其中之一)：

1. 具CCNA、FW或其他網路相關 IT 證照認證
2. 有MPLS、SDWAN等相關專案經驗(請準備相關資料)
3. 有PMP或相關專案管理的執照認證
________________________________________

【其他要求】
1.個性活潑大方、喜歡與人溝通、應變能力佳
2.積極進取、主動學習、具高度責任感
3.熟悉Office、Email、PPT等基本辦公軟體，需使用PPT製作或調整架構圖


* 即使您未完全符合所有條件，我們仍鼓勵您投遞履歷，
   您獨特的背景或許正是我們正在尋找的!
________________________________________",https://www.104.com.tw/job/8wjqy
產品經理,D576 myfone電子商務商品PM,台灣大哥大股份有限公司,電信相關業,未知,0000000,0000000,面議,台北市信義區,,部分遠端,學歷不拘,3年以上,,00015,2026-01-07,"設定 
四、 跨部門溝通協調 
五、 其他[[[主管]]]交辦事項


【薪資待遇】月薪依能力與經歷核敘；若績效達平均水準者，年薪約77~95萬，績效優者年薪將更高。",https://www.104.com.tw/job/7kdoj
產品經理,資深專案經理,印尼商奧拉創意有限公司台灣分公司,電腦軟體服務業,未知,0000000,0000000,面議,台北市信義區,基隆路一段,部分遠端,專科,經歷不拘,,00001,2025-09-10,"關於此職位 |

專案[[[經理]]]將負責遊戲開發專案的規劃、執行與監督，確保專案能依時程與品質目標完成。此角色需要高度的跨部門協作能力，能有效整合美術、程式、企劃與測試等資源，並在專案過程中即時解決問題，推動團隊持續向前。

職務內容 |

 • 規劃並",https://www.104.com.tw/job/873z9
產品經理,專案經理 (Project Manager/ PM),助人社企股份有限公司,綜合商品批發代理業,未知,0630000,1050000,年薪,台北市大安區,,部分遠端,學歷不拘,3年以上,,00003,2025-08-13,"的平面、影音內容。
5.擔任客戶窗口，能夠快速應變突發狀況，具有良好溝通能力及解決問題能力。
6. 其他[[[主管]]]交辦事項。


▋申請條件
1.3年以上相關的行銷工作經驗，有獨立作業能力。
2.曾有行銷管理、文案撰寫、社群經營、廣告、影音、活動企劃等經",https://www.104.com.tw/job/7tizu
產品經理,AI 產品市場經理（AI Product Market Manager）,亞達科技股份有限公司,其它軟體及網路相關業,未知,0170000,0200000,月薪,台南市善化區,,部分遠端,專科,經歷不拘,,00016,2025-12-29,"線用戶與決策者對話，打造真正符合市場需求的 B2B 產品。

此職位直屬總[[[經理]]]，將作為 AI 產品商業化的第一負責人。

【工作職責】
負責 AI 產品的產品市場契合度（Product-Market Fit）驗證與商業化策略執行，確保產品在目標市場",https://www.104.com.tw/job/8sr21
產品經理,美商初創Product Director/CTO - 穿戴式遊戲裝備 - AR/XR - 需全英文溝通,譯碼資訊有限公司,人力仲介代徵,未知,1260000,2500000,年薪,台北市信義區,,部分遠端,專科,3年以上,,00005,2025-12-31,"We are hiring a CTO for a US gaming startup company, which is just expanding in Taiwan. This role is expected to help build the Taiwan team of 5-10ppl. The office is currently in Xinyi Area.

Key requirements:
-  3+ years experience in Gaming industry as a technical and operational leader to drive revenues.
- you must have hardware product management experience.
- Game is your number 1 passion personally.
- Familiar with the most recent AI workflows;
- Experience with being a co-founder and leading agile teams;
- if you have experience working in a gaming platform with MAU &gt; 100K or shipped customer gaming hardware, that would be a huge plus.

Key responsibilities:
- Responsible for the product management of an AR/XR gaming startup, including visit some manufacturing vendors in Taiwan and Mainland of China.
- Good storytelling skills for fundraising

Package: 
- founder-level equity;
- monthly 3K - 5K USD
",https://www.104.com.tw/job/8vw5j
產品經理,D610 遊戲產品PM (可遠端工作),台灣大哥大股份有限公司,電信相關業,未知,0000000,0000000,面議,台北市信義區,,部分遠端,學歷不拘,3年以上,,00016,2026-01-06,"1. 負責遊戲訂定運營工作時程與執行計劃，專案損益控管，具市場及產品能力分析
2. 營運策略規劃，提高用戶黏著、活躍 、營收，將產品產值極大化
3. 數據驅動：負責用戶資料與行為分析，分析產品數據，有效規劃可執行的優化方案
4. 競品了解分析：行銷管道/投放策略資訊統整分析、簡報說明
5. 回報遊戲內問題給原廠/開發團隊並協助處裡
6. 進行新遊戲產品評測，並提供評測報告

【薪資待遇】月薪依能力與經歷核敘；若績效達平均水準者，年薪約77~95萬，績效優者年薪將更高。",https://www.104.com.tw/job/82aa6
產品經理,【台中】產品專案管理師,敦謙國際智能股份有限公司,旅遊服務業,未知,0000000,0000000,面議,台中市西屯區,台中市西區英才路 530 號 24 樓,部分遠端,大學,2年以上,,00007,2026-01-09,"工作配合模式
專案[[[經理]]]期待成為使用者和研發團隊之間的橋樑，負責規劃功能、管理時程，並優化產品以滿足使用者期望，同時考慮最佳效益。
歡迎對於旅宿產業、軟體開發有興趣的夥伴加入～

1. 具自主學習、獨立作業與協作能力，並有產品專案發想與延伸性思考。",https://www.104.com.tw/job/8a1xc
產品經理,電商行銷企劃 / PM｜年薪 70–90 萬（依績效計算）,維德普數位有限公司,廣告行銷公關業,未知,0040000,0055000,月薪,台北市中山區,松江路54號10樓之2,部分遠端,專科,2年以上,,00001,2026-01-10,"【面試前你一定要知道】
1. 本職務年薪 70–90 萬（依績效）
2. 務必詳閱維德普簡介與職務說明(崗位差異)
3. 請附上：為什麼想應徵？
4. 如無相關經驗很抱歉將忍痛不進行面試

【薪資與獎金】
薪資：40,000～55,000 元（視能力核定）
獎金：依專案量、續約計算（無上限）

【職務說明與發展】

此職務為企劃整合型PM
需具備專案管理＋企劃力＋投放力
後續可晉升品牌顧問PM

透過每一個實務品牌操盤
養成電商市場有敏銳度與直覺
成為獨當一面的全方位電商人才

本公司發展路徑：
企劃執行&gt;企劃PM&gt;品牌顧問PM

綜合評分：
客戶溝通、專案管理、企劃、投放等
熟悉度很高請投遞品牌顧問PM


【專案管理能力】
1. 掌握時程、品質、需求
2. 控管專案內容、素材、成效
3. 產出分析報告與優化建議
4. 客戶關心與情緒陪伴


【A：企劃能力（依使用率排序）】

1. 電商轉換企劃（銷售頁/素材）
2. 口碑企劃（素人切角/關鍵字）
3. 電商檔期企劃（提案/成效追蹤）
4. 品牌內容漏斗規劃（社群/口碑）
5. GA/GSC 數據洞察

※公司提供執行企劃人員（不對客戶）
專案需熟悉企劃對客戶溝通（引導/領導客戶）

【B：廣告投放能力】

1. 熟悉 FB/Google 轉換型廣告操作
2. 能針對成效提出優化簡報
3. 能規劃素材內容策略
4. 具 ROAS/ROI 實作經驗者佳

※公司提供執行人員（不對客戶）
專案需熟悉廣告業務對客戶溝通（引導/領導客戶）
本崗位無投放經驗但有控管經驗可投遞

加分項目
1. 單廣告帳戶月預算 30 萬＋
2. 熟悉保健/快消/民生品
3. 曾負責品牌淨利或盈虧


【面試需準備】
請攜帶 1 份月結報告
請過濾敏感資訊僅作為判斷
分析、洞察、優化邏輯


【加入維德普的優勢】
1. 強產品力，一條龍整合操盤
2. 公司成長快，跨產業學習多
3. 獎金無上限，績效透明
4. 穩定後勤支援（企劃/設計/投手）
5. 完整 SOP＋師徒制，快速上手

維德普需要能一起快速擴張的夥伴
歡迎加入，讓你的能力被放大
做一樣的事，得到更大成果與收入",https://www.104.com.tw/job/8w2zn
產品經理,設計師、創意主管,漢肯國際會展_漢肯事業有限公司,廣告行銷公關業,未知,0045000,0065000,月薪,台北市信義區,松隆路102號7-1樓,部分遠端,大學,4年以上,藝術學科類,00001,2026-01-10,"能力
不斷更新專業知識與技能，保持競爭力。

同業性質曾任[[[主管]]]三年以上，相關科系畢業。",https://www.104.com.tw/job/8eb15
產品經理,【德商BRITA】Assistant Product Marketing Manager 產品行銷副理,台灣碧然德有限公司,家庭電器／設備及用品批發業,未知,0000000,0000000,面議,新北市新店區,北新路三段205號3樓(台北矽谷大樓),部分遠端,專科,3年以上,,00011,2025-12-01,"• Based on the International BRITA brand vision and marketing strategy, local implementation of group-wide marketing initiatives and guidelines in the area of Product and Brand. 
• The role is to collaborate with trade marketing/digital marketing/ supply chain functions to drive the readiness, execution excellence and budget management.
•  Define commercial market product position, product mid-term development strategy, price strategy and channel strategy.
• Analysing the market trend and competitor dynamics to define the right strategy to win in the market.
• Build the A&amp;P budget plan and collaborate with the finance and accounting team to improve the spending efficiency and compliance discipline.
",https://www.104.com.tw/job/8pywk
產品經理,PM 軟體專案經理（政府／金融）,數位身分股份有限公司,其它軟體及網路相關業,未知,0900000,9999999,年薪,台北市大同區,承德路一段17號10樓之8,部分遠端,專科,2年以上,,00009,2025-12-10,"用 AI 的新世代專案[[[經理]]]。

【工作內容】
你會參與政府與金融產業的軟體專案，從啟動到驗收全程參與：
- 管控專案進度，確保需求、時程與交付完整準時。
- 與工程師、客戶窗口進行跨部門溝通與協作。
- 撰寫專案文件、彙整資料、協助客戶驗收。
-",https://www.104.com.tw/job/8raxc
產品經理,【亞馬遜Amazon】跨境電商營運專案管理師_客服及品管專員 Amazon Project Assistant_Account Management - 台南市,飛輪電商有限公司,工商顧問服務業,未知,0045000,9999999,月薪,台南市永康區,中華路1號10樓1-53室,部分遠端,專科,經歷不拘,"商業及管理學科類,經濟社會及心理學科類,語文及人文學科類",00008,2026-01-09,"問題處理：品牌授權、產品安全報告、違反平台政策等
6.其他[[[主管]]]交辦事項",https://www.104.com.tw/job/7y5t3
產品經理,火星生技【TAIZAKU處】專案管理PM / 主負責實體通路管理&lt;&lt;歡迎藥局/連鎖通路人員轉行&gt;&gt;,火星生技股份有限公司,食品什貨零售業,未知,0035000,0060000,月薪,新北市中和區,板南路659號13樓,部分遠端,學歷不拘,2年以上,,00002,2026-01-08,"[[[主管]]]協助。


【工作內容】

1.藥局通路管理：規劃與執行藥局端供應策略，確保產品覆蓋率與市場滲透率。

2.行銷專案管理：執行並管理行銷專案。能主動推進專案、排定時程、跨部門協調並落地執行；在不確定情況下也能獨立完成任務。

3.監控數據與優化",https://www.104.com.tw/job/8mrva
產品經理,郵輪線控 Account Manager (Fly Cruise)(可部分遠端),AsiaYo_亞洲遊科技股份有限公司,網際網路相關業,未知,0042000,0060000,月薪,台北市大安區,敦化南路2段77號18樓之3,部分遠端,專科,3年以上,,00004,2026-01-07,"件、庫存分配和利潤結構，將公司利益極大化。
．新商務合作拓展 (B2B/B2E)：積極開發潛在的郵輪合作夥伴，以擴大市場份額。
．跨團隊協作，確保產品有效推廣、即時處理訂單異常，並積極推動流程自動化與效率提升。
．執⾏營運相關專案及其他[[[主管]]]交辦事項",https://www.104.com.tw/job/86wn4
產品經理,產品營運專員_【三小市集】,睿禾金碳股份有限公司,光電產業,未知,0036000,0042000,月薪,雲林縣斗六市,九如街51號,部分遠端,大學,2年以上,,0,2026-01-11,"求的企劃提案，讓優質的友善環境物產走進更多人的生活。

---

▸ 【核心職責與工作】

一、 採購管理與品質協作 (40%) 
- 供應商維護與經營： 協助[[[主管]]]進行產地拜訪與供應商初步評選，經營穩定且透明的夥伴關係。
- 採購與庫存計畫： 負責",https://www.104.com.tw/job/8xeg5
產品經理,【行銷科技】B2B 產品行銷資深專員／副理,愛酷智能科技股份有限公司,網際網路相關業,未知,0040000,0050000,月薪,台北市松山區,敦化南路一段2號5樓,部分遠端,專科,3年以上,,00001,2026-01-06,"我們正在尋找一位具備策略思維與執行力的產品行銷人才。您將作為產品、業務與市場之間的橋樑，協助擬定產品 Go-to-Market 策略，透過內容行銷、實體活動與數位廣告驅動潛在商機（Leads）。同時，您也需要支援內部業務團隊與外部經銷夥伴，確保產品價值能被精準傳遞。

【工作內容】
    1. 協助制定產品的 Go-to-Market 策略，定義產品定位、價值主張與目標受眾，並持續監測市場動態與競爭對手，協助團隊調整產品方向與銷售話術。
    2. 根據成本結構、市場行情與競品分析，協助制定具競爭力的產品定價策略與銷售組合，以最大化產品獲利與市佔率。
    3. 與產品營運、業務、客戶成功及技術團隊緊密協作，確保對內/對外的產品訊息傳遞一致且準確；定期彙整業務端與客戶端的痛點與需求，轉化為具體的產品優化建議，協助產品團隊對齊開發優先順序。
    4. 製作高品質的銷售支援素材，包含產品簡報、提案模組、案例研究、白皮書等，協助業務縮短成交週期。
    5. 規劃代理商溝通策略，定期製作合作夥伴電子報（提供產品應用、更新資訊與銷售心法），確保代理商具備足夠的產品知識與銷售素材，成為公司強大的外部銷售部隊。
    6. 透過各種線上與線下渠道（活動、內容、廣告）開發潛在客戶名單，並追蹤後續轉化進度；並針對試用客戶設計溝通接觸點（如 Email、教學引導），提升試用活躍度與付費轉換率。
    7. 規劃並產出高品質行銷內容（官網/Blog/社群/EDM），透過內容建立產品聲量。
    8. 策劃與執行線上/線下商務拓展活動（研討會、參展、Webinar），負責議題設定與現場執行。
    9. 操作與優化數位廣告投放，鎖定 B2B 決策者，持續優化獲客成本與轉換成效。

【我們希望你具備這些特質】
- 3 年以上 B2B 行銷、產品行銷或 SaaS 產業相關經驗，熟悉 Line OA、MarTech、CRM、數據應用或 SaaS 產品任一領域尤佳。
- 具備優秀的文案撰寫與內容企劃能力，能將技術語言轉化為商業語言。
- 具備專案管理能力，能獨立策劃研討會或參展活動，並使用 notion 與團隊夥伴協作。
- 具備 AI 協作與結構化思維能力，能靈活運用 AI 工具加速資訊消化，並導入自身的邏輯框架與觀點，產出高品質且具洞察力的內容。
",https://www.104.com.tw/job/8x7rg
產品經理,產品企劃,居家先生股份有限公司,建材／傢俱零售業,未知,0036000,0045000,月薪,新北市新莊區,榮華路二段125號4樓,部分遠端,專科,1年以上,,00009,2026-01-07,"容發想，確保活動順利進行並達成預期目標，有效傳遞品牌價值與故事。

#跨部門協作
4. 與設計、影音、行銷等部門保持密切溝通合作，定期管理與維護產品素材與專案進度。

#市場調查與分析

#不定期協助[[[主管]]]交付的短期專案任務

[特質條件]
1.具備",https://www.104.com.tw/job/7q6sf
